channel_id,origin_keyword,origin_method
UC--1OWz_T_iYy_WU44Fa4YQ,driving tour 4k,channel_search
UC-18Fy2s1dHtJEasaJ5CHHw,driving tour 4k,channel_search
UC-18to6zOZ_BkaNiMAz96bg,bike tour 4k,channel_search
UC-7-82vHiqup03K5DWEIKeQ,shopping mall walk,channel_search
UC-Br7knMDR1AZM1BG9BNqVA,driving tour 4k,channel_search
UC-ErPOT5yIoqQK5KcBljbDA,shopping mall walk,channel_search
UC-Mr7cFfi5FbBXzOe0GZZJw,driving tour 4k,channel_search
UC-PfqTfJD6V6GVOfMGTDXkA,driving tour 4k,channel_search
UC-RYqy-zCwjPOxzO1ZiuAqA,walking tour 4k,channel_search
UC-V5PX53uTTWtCD5h3lKCVw,bike tour 4k,channel_search
UC-XyD6qDwOr7-G0TblFUAKw,city walk 4k,channel_search
UC-ZZqrtIMlC8v1ttVimRWOA,walking tour 4k,channel_search
UC-amkFCP2XADMcBg0kfGUzg,shopping mall walk,channel_search
UC-c8WOyunyG6xLvUW2jtHBA,shopping mall walk,channel_search
UC-cjn4x6ooOC5Uri3F_Ji7Q,driving tour 4k,channel_search
UC-jaaFJidVkrTwYMcwG4CSQ,walking tour 4k,channel_search
UC-kzQ44ZN45LW283kytkLjQ,driving tour 4k,channel_search
UC-mErnxvrSqR-f_htUGEhaQ,shopping mall walk,video_search
UC-oWUzhxk8j6NVCeUrvhK9g,shopping mall walk,channel_search
UC-q6l5lxdrPlcThd31pUt_Q,driving tour 4k,channel_search
UC-uGMO1RAUfBS8p1u-bz5Uw,driving tour 4k,channel_search
UC-wT1-R7RM1Rfl46iI3HfkA,bike tour 4k,channel_search
UC-x05g43Mvz-_OLdgDscgBw,walking tour 4k,channel_search
UC-xribz4ZTZXgR6GGKvNluQ,shopping mall walk,video_search
UC-zhzVFuFgkGG8TxVU17t0w,shopping mall walk,channel_search
UC0-rPolvI7lHkwamwnnFI5A,bike tour 4k,channel_search
UC047RjOPbd65cOsaNyi1iyw,bike tour 4k,channel_search
UC05419BSx_vQtjf00E50iOA,driving tour 4k,channel_search
UC0FaHm-n4km9-g7jSYv5_zQ,bike tour 4k,channel_search
UC0H-Sa4Ua_wWGYMmc6ITpRg,driving tour 4k,channel_search
UC0J4LMoLDC3OnevXHsdtv8Q,bike tour 4k,channel_search
UC0JQ8gpV5K3RLq54VwkGoCg,city walk 4k,channel_search
UC0TqihOw3aHbHDi-EWBfFeA,walking tour 4k,video_search
UC0UoaCloXdYtkKZo3V3ULtg,walking tour 4k,channel_search
UC0ZCpLmyZzxHrRClVseGTrA,shopping mall walk,channel_search
UC0_qm_MniPLaw1zZKvrv9Cg,shopping mall walk,channel_search
UC0b8vOMYk5Dp_YbceazW0GA,bike tour 4k,video_search
UC0chSiUB8Cw5TpTabcG-iqQ,driving tour 4k,channel_search
UC0ed66tx2YOQ_a8IY4EWrWg,walking tour 4k,channel_search
UC0ekvz7UR5lKYwZLfTj-q5Q,walking tour 4k,channel_search
UC0t91-ZaD3w4w9ReS84JkNQ,shopping mall walk,channel_search
UC0wRQzweO59DvyykK1jMjnw,shopping mall walk,channel_search
UC0wsvGb8u0ZNBhgUhr_eTmw,bike tour 4k,channel_search
UC1-UALfhHReP4lfWHM856zA,shopping mall walk,channel_search
UC114L-lAyruVONwUpree6yg,walking tour 4k,channel_search
UC12FUHVhwpC5lMYsMPMbmyg,driving tour 4k,channel_search
UC141S-BD6y37Jolhmxyam6g,bike tour 4k,channel_search
UC17MRAYRzMyG4mLFA1gsIAQ,bike tour 4k,channel_search
UC1BXP1dXoBEFOq9Cg6rqJJg,bike tour 4k,channel_search
UC1D97AK6I3r9BhPEFPaCV2Q,driving tour 4k,channel_search
UC1FdRzxkPCik68ml497aN4A,bike tour 4k,channel_search
UC1K45ffJo8C_NWQPlJzoLew,walking tour 4k,channel_search
UC1KLGYyoFKEFHHHTwuqCoVA,driving tour 4k,channel_search
UC1Na24zFa6sgOxz9AkjSSuw,driving tour 4k,channel_search
UC1OrrutaLlURhdQfn0LL8lw,city walk 4k,channel_search
UC1QKMO9eEoYwjAonGVftTVA,bike tour 4k,channel_search
UC1R2msYJSbQN_SqvQlIvXfw,bike tour 4k,channel_search
UC1RJkv9IwNSl9RiCEuwB7UA,shopping mall walk,channel_search
UC1VUeelJnE6ZNXoaR5JZsCA,city walk 4k,channel_search
UC1XpRVQ7glZ7DubjmQbE7mg,driving tour 4k,channel_search
UC1atgAvQCTaNedwt8vwe9Pw,bike tour 4k,channel_search
UC1bVJUHInVm4-5DXu1P1BmQ,walking tour 4k,channel_search
UC1f-vri8xh1toSmpkZaXH9A,driving tour 4k,channel_search
UC1gmwH0KHVNXS36emgGIkYg,walking tour 4k,channel_search
UC1n-3uMNeLfMyO6TGPpY-MQ,shopping mall walk,channel_search
UC1nZCpM_OBhowfm5LmIv4Ag,shopping mall walk,channel_search
UC1sd1imhPbLpJeWRv6798UQ,driving tour 4k,channel_search
UC1tOi0DDVrPZmPULtNRSX7g,driving tour 4k,channel_search
UC1vLT7Bmk0ifseiJzVh1m-A,walking tour 4k,channel_search
UC1xjY5Ms_FG2vhARKJD15-g,shopping mall walk,channel_search
UC20vyRWEaC2GIS8DkmeRQaA,walking tour 4k,video_search
UC22f9KNvgclGRtUKx9pAGIg,shopping mall walk,channel_search
UC253B5TPxymiyM3gv9m6gQw,shopping mall walk,channel_search
UC2A9QmoQo7l1jvZnNUEkpiA,shopping mall walk,video_search
UC2Alm9dKXWmgQBrrlWct9fg,driving tour 4k,channel_search
UC2AnnZVbrXMiSvmgZDV9ukw,driving tour 4k,channel_search
UC2Cm8yEeE3X7-DqOCfUgKNA,driving tour 4k,channel_search
UC2Guv1p7AbmZ0MZbjvlD8QA,driving tour 4k,channel_search
UC2I2lml1P-v57uqF4i9R7aQ,walking tour 4k,channel_search
UC2OLhVCvrfYFRugOvm4NrsQ,driving tour 4k,channel_search
UC2S2O7Rt-93DIcUkxR0oUng,bike tour 4k,channel_search
UC2TXw5c5igfmgziar9O0pvw,driving tour 4k,channel_search
UC2UKFiRjbPhXyl5PBAVZoaw,walking tour 4k,channel_search
UC2ViPu8EVMP8Eo1Ob7yWEkg,shopping mall walk,channel_search
UC2aNp5lJhy4TcjeQV4O_QyQ,shopping mall walk,channel_search
UC2aYqBdRXzuiwA2pH6UrA6Q,walking tour 4k,channel_search
UC2d6qcUdNpS3DXDuq1ySOoQ,bike tour 4k,channel_search
UC2eswaR2jEw_J-ZqaMv0how,bike tour 4k,channel_search
UC2kZ30Rwz_c8_BUdeJfMIgQ,shopping mall walk,channel_search
UC2lso8Vdk-EHGzdb1mQO44A,shopping mall walk,channel_search
UC2no4yKi_CVai2mdk-nnFPw,walking tour 4k,channel_search
UC2ovtrc9Sy3vW30cZM75Ygw,shopping mall walk,channel_search
UC2s4RE3zutDyS0Ibq06S7Gw,driving tour 4k,channel_search
UC2sZE5f1RTAMBlJMJZPiSBA,bike tour 4k,channel_search
UC2s_yheS-U2tqdkvImHpTyQ,shopping mall walk,channel_search
UC2vZHGON0uBKWYoP4ub5jDA,shopping mall walk,channel_search
UC2yQT-a9LMOUkodQsVFB_vw,shopping mall walk,channel_search
UC2ynYmQBc4a-4zDvcXMm6Gg,shopping mall walk,channel_search
UC2zCZ249yYJ7NnnSp5NFEsg,walking tour 4k,channel_search
UC31JKXuXUqBBDlWcrq_VtDA,bike tour 4k,channel_search
UC32_UmqZlh5Xk51lnqxo1og,bike tour 4k,channel_search
UC34wpCgr3l9cG0RtFdTTS-Q,bike tour 4k,channel_search
UC38yDIJiK-43UcLjYs6_tpQ,shopping mall walk,channel_search
UC3EHJ8S9i4LV3g2h0NItyBQ,shopping mall walk,channel_search
UC3EZZuyV3lR2imvAsWSy6qQ,shopping mall walk,channel_search
UC3FTP56lp4fF8-pchd5N4ig,bike tour 4k,channel_search
UC3LG_89855YAiOHDPRu1rdg,walking tour 4k,channel_search
UC3S3Cu-jsEG37eo1wL492Gw,driving tour 4k,channel_search
UC3W71-jjOnM54hZ1nUDAptw,bike tour 4k,channel_search
UC3XrP1yEARz4_iFsmrdUfRA,driving tour 4k,channel_search
UC3Zlfgx6YBkxd1yMu06EJKQ,shopping mall walk,channel_search
UC3_RK3sN7pnxyx4jR-tgyfA,bike tour 4k,channel_search
UC3eJDlt6pdauS8d-_8guk-g,shopping mall walk,channel_search
UC3fyOMldmv_BuJHLPDG4pXw,shopping mall walk,channel_search
UC3pJs5urZdi8_AKDuLXCNTA,walking tour 4k,channel_search
UC3wDPgBmi8_z1z7ELA0UjHw,driving tour 4k,channel_search
UC3yhQQcy3t9O84czgREarOA,walking tour 4k,channel_search
UC4-EJAogWF5zHRqhXLCZqCg,driving tour 4k,channel_search
UC4-bS3ap6rTPoNRFpMGN1eQ,shopping mall walk,channel_search
UC401AphdGy9oAo-ESChJ39Q,shopping mall walk,channel_search
UC43TwAGjIOneiKp9Bc5Dh8w,walking tour 4k,channel_search
UC45j8MaVd7E-oXyxYCLDdgA,shopping mall walk,channel_search
UC47bCG3B1Tgxvm9CLBVl71A,driving tour 4k,channel_search
UC49_ZjC0UuyouRHHqN6nJ5A,shopping mall walk,channel_search
UC4A0i8sdz6dHg_0HH15knbw,bike tour 4k,channel_search
UC4BXzZGkkp3Gpz5ofrmOMCg,bike tour 4k,channel_search
UC4CSWtwcLBKHNIDS_57e5ZQ,shopping mall walk,channel_search
UC4G1bm2psBgsyOWheemMA3A,shopping mall walk,channel_search
UC4GRwAfG_ULUJ08SV_i5KjQ,driving tour 4k,channel_search
UC4HrcxT2kYuQuj2QTSbwiOg,shopping mall walk,channel_search
UC4NeFaJEHsOj2l8OuYb5RgQ,walking tour 4k,channel_search
UC4Oby_tw0Ax2aH_kdru8Ctw,bike tour 4k,channel_search
UC4VbO5UGp2rdoOOlrI2TuXA,walking tour 4k,channel_search
UC4W33dRWYPqeFrduvGgoVlA,shopping mall walk,channel_search
UC4Xh3TX7r9uvWY10pyyCQtA,shopping mall walk,channel_search
UC4aveSKuyVruMHc2KVxZtyg,driving tour 4k,channel_search
UC4jkYYWMIpRnZEaeDspT9fA,shopping mall walk,channel_search
UC4pRieisU2ysPWAP5k0q01A,walking tour 4k,channel_search
UC4r1WmwOyq3uEWwug-MjIng,city walk 4k,channel_search
UC4suIkfNc9YxhpUxoAL75yw,bike tour 4k,channel_search
UC4vFkGboA9_rSqf86dTSILQ,shopping mall walk,channel_search
UC510Lqr1wGJGgtM5KehAQTA,bike tour 4k,channel_search
UC51c-GdZGbQpDPa7vlE0eHQ,shopping mall walk,channel_search
UC55zoFhURL83iIhIBg3_FYw,walking tour 4k,channel_search
UC571_kbo5PpRYIv-ULUJWjQ,shopping mall walk,channel_search
UC577Ts4jpxhzxz1WY3Ezdug,driving tour 4k,channel_search
UC57hSrgx4_mp56Q7GS5zkRA,driving tour 4k,channel_search
UC59JmWWQfHUuvL4Oqev8hrg,bike tour 4k,channel_search
UC59UEQCQ6qc5j95czlQXZdw,driving tour 4k,channel_search
UC5CnR1H4pSp1ni6oM3LAVXA,shopping mall walk,channel_search
UC5Ec6SuFhIqRC2G_eLhekgw,driving tour 4k,channel_search
UC5GjfpCXKB4D3FkyZjHRySw,bike tour 4k,channel_search
UC5ISB0VMarXLOMRm2B8bN2g,driving tour 4k,channel_search
UC5JXATaLH_ckHRANVaAAFWg,bike tour 4k,channel_search
UC5M7NaILH_L1mqw2eIDl4mg,walking tour 4k,channel_search
UC5NkuOQtV8vv3fcZjswto2Q,walking tour 4k,channel_search
UC5PH7F0A-6VbY1VZqm-QYPg,shopping mall walk,channel_search
UC5QB3ylKIylDqi2grjc2VgA,walking tour 4k,channel_search
UC5QDglJZDGDaHEW6OlYHNhg,driving tour 4k,channel_search
UC5SUTMlbrSNnBMH29HhcYUA,shopping mall walk,channel_search
UC5SzjTQtE_W4ZXGTqO5rtIQ,driving tour 4k,channel_search
UC5T6HzL3nNwG2T-b06JhRVw,driving tour 4k,channel_search
UC5UpDtomKPrrpUWtQYv9p2Q,shopping mall walk,channel_search
UC5WTc9d07ThTlM_HDeJqCQA,bike tour 4k,channel_search
UC5eVarTJNKF1vGj3liPMsiA,bike tour 4k,channel_search
UC5fdb3oM5g4QO-wPNx_TdbA,walking tour 4k,channel_search
UC5h56hC43HEbEPFbknhw-hQ,driving tour 4k,channel_search
UC5j62sr1ZPe3vCrp4xNh16Q,shopping mall walk,channel_search
UC5md3r8dZMfawrRVd37vn8A,shopping mall walk,channel_search
UC5q19RJi3xvpX_7CCOtd5Yw,shopping mall walk,channel_search
UC5rHti2iIMkXL12pxhMLvTg,shopping mall walk,channel_search
UC5tO3BQMoW9prwzCfH8ejrQ,bike tour 4k,channel_search
UC5vr9NdgQ1P-5Hf2fgeK-Cw,driving tour 4k,channel_search
UC5wO0d9W48L-mY8C2ALMZ0Q,walking tour 4k,channel_search
UC5xAL772FwBi6870yBvD03g,bike tour 4k,channel_search
UC6--YfgH0uUrHFMuUKamkuA,shopping mall walk,channel_search
UC6-M1mOhXK7YujOPvXy0ITA,driving tour 4k,channel_search
UC62XLEy4ZRTL2q8YzOJBDow,driving tour 4k,channel_search
UC62aibixNZmxWhw9hu-CXyg,bike tour 4k,channel_search
UC67NGpdDMZSXIV_SrMpgqvw,shopping mall walk,channel_search
UC6AINqORFmjEg0LLRI_zHkg,walking tour 4k,channel_search
UC6BHizaTNFNIxaM3T68ydWQ,shopping mall walk,video_search
UC6CXHAvSPeaRCtsJlcnbKoA,shopping mall walk,channel_search
UC6IZsnaMmnsGWLF7L56BDlw,driving tour 4k,channel_search
UC6J73Z-VD8qlxjQYDVY659g,driving tour 4k,channel_search
UC6KL3AEZuD_SbNrZnWbM2pw,bike tour 4k,channel_search
UC6MEIbc5pteNVos8sTfzaRg,shopping mall walk,channel_search
UC6Qe8kkus_Rk8Er_JB4AzBg,city walk 4k,channel_search
UC6RjUDqsudU3cV2Mu6E1UeA,driving tour 4k,channel_search
UC6Un-_AffknYF_eUP-3TduQ,walking tour 4k,channel_search
UC6XiQ46lHZiyuSi8hCsfsJQ,shopping mall walk,channel_search
UC6YA2bNbUNC81uMGzRdNpXg,walking tour 4k,channel_search
UC6b-XsDv_VnFrFLYEeao3cg,bike tour 4k,channel_search
UC6eGKoAhwqIGVBP9zGfk55A,driving tour 4k,channel_search
UC6iMh6kIbgw9qszJgy4tmEA,driving tour 4k,channel_search
UC6q4dAzmRE6VfKL8rBNejwQ,shopping mall walk,channel_search
UC6wEiYpxFG4QDlPausHANag,shopping mall walk,channel_search
UC6xNCDbEXyEdgDxW2RTFLDg,bike tour 4k,channel_search
UC6ydxG6fpQOU1zHNPPE_BEw,walking tour 4k,channel_search
UC70T1ORmoJNe8mjtDvxNqfA,city walk 4k,channel_search
UC72Me8iRsLk644O7sQDq-Hg,shopping mall walk,channel_search
UC795mihu0k4GXm6A-X1EVJw,bike tour 4k,channel_search
UC79hYEUI99QhdYbH8iOgOBA,shopping mall walk,channel_search
UC7BjnFFuOZrTH80BKN-_fjg,shopping mall walk,channel_search
UC7FRx_KeF1Oh1S3UAyaCr9g,shopping mall walk,channel_search
UC7Fg2-S6rtsy_VsrsajBwoA,shopping mall walk,channel_search
UC7KZKgUXHCiyPWowl1MhMcQ,driving tour 4k,channel_search
UC7Oy-EVK_d9-xP-CjGAXBkA,shopping mall walk,channel_search
UC7WZPC7mRWexLM24G3Y3ytg,driving tour 4k,video_search
UC7XMkEI2kdL17Aw81clh0tQ,walking tour 4k,channel_search
UC7Y3STnOfGWLfHrImQ3Vw9g,shopping mall walk,channel_search
UC7eykPlg09noi896kJtwQIg,bike tour 4k,channel_search
UC7g0pB92Vd3jADWn5NNvC3A,shopping mall walk,channel_search
UC7gRlzZTAtwW13TzvabUMHQ,shopping mall walk,channel_search
UC7h2iPI328lkzFp7nZOTd-A,shopping mall walk,channel_search
UC7iOZBFYUcEKUrB5dqLViFA,bike tour 4k,channel_search
UC7kpCjVmzNj-UlIqwAQqBsw,walking tour 4k,channel_search
UC7nMDGcJyFxXyQEWoshvEJw,shopping mall walk,channel_search
UC7sW58swodcDC9xwkruGebA,bike tour 4k,channel_search
UC7vn4igAxWEQTEI8dIx3nvA,bike tour 4k,channel_search
UC7wk8cuYjpW8cnqrx7edlBg,shopping mall walk,channel_search
UC7x4FXAszJNHvNZNpubahSg,bike tour 4k,channel_search
UC88B5lADiTq5LBOZHMwux7g,walking tour 4k,channel_search
UC8C9HDtv5gZCs_IKSFRKrvA,driving tour 4k,channel_search
UC8EJzQLmOVEJMIefhrh9lfw,bike tour 4k,channel_search
UC8O7xrodlbVu9uecFg5k4yA,shopping mall walk,video_search
UC8QRoaSX9Y0u_KLeG5kuw2A,driving tour 4k,channel_search
UC8QvVqaA8HIt-0PRgLpmCoA,shopping mall walk,channel_search
UC8SEHROuTjHN17qDh8rXOeA,city walk 4k,channel_search
UC8WvFn7mw9By35Hp40ilnEw,shopping mall walk,channel_search
UC8XPuYNh-gNqq60xeHgn2CA,walking tour 4k,channel_search
UC8Z9vFcI4K1SMmiP_35GGeg,bike tour 4k,channel_search
UC8ZLPZXJpL9s5Ovmp5gbuuw,driving tour 4k,channel_search
UC8_Hgzg4YA9mgZ0_JRNEYkQ,bike tour 4k,channel_search
UC8bqdDAFTRi5NUG1K8JYp_w,shopping mall walk,channel_search
UC8htF1eWXH5TjcT_SZ-ZKKg,driving tour 4k,channel_search
UC8jFPZS-p9MmVRCZi8giNcw,shopping mall walk,channel_search
UC8k20etttTjJL-NlEZSNS5A,city walk 4k,channel_search
UC8lk1PidR1QY0jlphsYJqtw,shopping mall walk,channel_search
UC8nZZDA1BX1j47TqY5mdPtw,shopping mall walk,channel_search
UC8pAQRM4UaWjwezPE-C4Pew,walking tour 4k,channel_search
UC8ub6tK9bIyvzZwZee6Lk4g,shopping mall walk,channel_search
UC8v8jjKIk_Z-RspqqKmXIMA,walking tour 4k,channel_search
UC8wW2nE3ffVSzLm5wsKKrIw,shopping mall walk,channel_search
UC90ptpEteW0wLAWYAYVfu4Q,driving tour 4k,channel_search
UC96naPCanwxhWex3py8VJsQ,bike tour 4k,channel_search
UC97bPE8h4k9ON2-A6ewan1g,driving tour 4k,channel_search
UC98XzjgOoWofHLpDvjYsQ-Q,driving tour 4k,channel_search
UC9BeEl3O8392UAIEjhDdfdw,walking tour 4k,channel_search
UC9H6puc33_y7nyg53bxnMMQ,shopping mall walk,channel_search
UC9IXi6PVtap0jaMcYNN8R2A,walking tour 4k,channel_search
UC9IcCvKzz1fK5BdzUNJvm0w,shopping mall walk,channel_search
UC9PvHpXYXQf1SHSJMKnhV4Q,bike tour 4k,channel_search
UC9QHZzGA4EEzBGxXYHDXkNA,shopping mall walk,channel_search
UC9S8HtK0MtJkRYzC2gPafUA,walking tour 4k,video_search
UC9UsGKwsvenOdOEZONf-V2A,shopping mall walk,channel_search
UC9VssuPjY986K1Lh9mnrPHg,walking tour 4k,channel_search
UC9a0sXTccGgXhde2kjNKPow,driving tour 4k,channel_search
UC9h4QZuWvWoWmoQ3oPet5cw,driving tour 4k,channel_search
UC9lG5PvfAswJ4XEV8nnnxkw,walking tour 4k,channel_search
UC9mI3W7Kpw7RoOKtPn9XpWQ,bike tour 4k,channel_search
UC9qbQ4UCoJSN-fdD4B0PNFg,shopping mall walk,channel_search
UC9re35to6VMYSi90f2_r0Jg,driving tour 4k,channel_search
UC9t2nkZydHvk6pVviu5Cang,driving tour 4k,channel_search
UC9wzcfbEq-aGM4Tcx55MlVA,bike tour 4k,channel_search
UC9yn2TIt5Ky_E2UtT10fHzw,shopping mall walk,channel_search
UC9zQgZIt6hEiTo58dy5TJeQ,bike tour 4k,channel_search
UCA463xlOYGgu-vSXiYUOh1Q,bike tour 4k,channel_search
UCA5C4oN8ocBo4U23AnSpB0g,driving tour 4k,channel_search
UCA7Vca0X0-Hml6mpBVWW8rg,bike tour 4k,channel_search
UCA8DJgOQSLT9DqW2DSr_Nfg,walking tour 4k,channel_search
UCA9FGnSg-rJ-yO1XcoqHxUw,shopping mall walk,channel_search
UCAAaCvgyVTZj8o4F2Qp5OGA,driving tour 4k,channel_search
UCALM_fbZu3T_1gqE3Nvahag,driving tour 4k,channel_search
UCANq3z1JxPD8unE_38f4HKA,driving tour 4k,channel_search
UCAP7WvE7OYipnNzuYAkizoA,bike tour 4k,channel_search
UCAQLIhgbZGo1GgyONrKHuWw,shopping mall walk,channel_search
UCASXd9nRaTQ-VFd43u5aJFA,city walk 4k,channel_search
UCATuncqJfsJwfbVit497e0g,walking tour 4k,channel_search
UCAVZ5j0h1rSPwRxO-QL5mBQ,shopping mall walk,channel_search
UCA_-EZvszJYMeOkz4dCfKgQ,shopping mall walk,channel_search
UCA_1jmGYLiNt-8GG2rC79VQ,bike tour 4k,channel_search
UCA_KwkhI9VRJ9Wuk3TJH4rw,shopping mall walk,channel_search
UCAbWR4B6IvUPJ9hDEtoZBqg,walking tour 4k,channel_search
UCAdiQP1QsJvAUGu_fm0g86A,shopping mall walk,channel_search
UCAgeBb9AlW3ZXDkH6wMu1Aw,shopping mall walk,channel_search
UCAhHaJ-YYM0j2wxxzZItUqA,driving tour 4k,channel_search
UCAhkUEDfztvmwDvEYeTB88g,bike tour 4k,channel_search
UCAlqTdQbPX0XJblZcpBI7qA,shopping mall walk,channel_search
UCAqIF9bloCpaqyqpQDQwwYw,driving tour 4k,channel_search
UCArUoN9mgFgvVGiRBaq2QLA,walking tour 4k,channel_search
UCAvjrsix7WOyIeuRJmfHJAg,walking tour 4k,channel_search
UCAzRg54VwTA4ySROuoXhqwQ,walking tour 4k,channel_search
UCB51Oqljg5xfMuQXt4oR9jw,bike tour 4k,channel_search
UCB6fSJtnlkYr4N4Y22kGKGw,walking tour 4k,channel_search
UCBBKed4Xg6xpJHJJQhs06lg,driving tour 4k,channel_search
UCBBchaQjc6dL16qfv2QOwNw,shopping mall walk,channel_search
UCBDlqtIUWDfkl29t2hwXj3Q,driving tour 4k,channel_search
UCBKMsxNaDDtbjxBzPnWkw6Q,shopping mall walk,channel_search
UCBX_wRb6MXqG3WKIfseM4oA,driving tour 4k,channel_search
UCB_Uip4N7tTs7caTpdU6mzw,walking tour 4k,channel_search
UCBcVQr-07MH-p9e2kRTdB3A,driving tour 4k,channel_search
UCBeRSoul9_TwkAPOBIUzlkA,shopping mall walk,video_search
UCBfTFoY0YXwI-3Fq11rW6fA,shopping mall walk,channel_search
UCBh3bWpcR_jhVBpQq_1_Oig,shopping mall walk,channel_search
UCBhQ7AYCjdzF9DgP0D0vp7w,shopping mall walk,channel_search
UCBiGdR2qCiNPaYXjMlBeBww,shopping mall walk,channel_search
UCBkcw8h7epT_bK0QzuY2Bmg,shopping mall walk,video_search
UCBmUQ9x4x2OJ7sGi3-TtrPA,shopping mall walk,channel_search
UCBpVKRdSzBJEv-4Zkvcm2lQ,shopping mall walk,channel_search
UCBpgnUaFjQ3nFw2EGKa2pCA,driving tour 4k,channel_search
UCBs4xt_Ib9ghbu1rHKiCEzw,bike tour 4k,channel_search
UCBvZ2hEzZZaWAIrUHVN6YUw,walking tour 4k,channel_search
UCBvnmCDCK9QgojU8oLHzqbg,driving tour 4k,channel_search
UCByMkXW0lK9LelnKe8hODhg,driving tour 4k,channel_search
UCC0rOwLQMJqw88KkP9fFd5w,shopping mall walk,channel_search
UCC1klRx2IjAvRBI3y7Keu6g,shopping mall walk,channel_search
UCC24ivC8mNsM3JuJCer2vMw,shopping mall walk,channel_search
UCC6-xZigUQpxIpwyIaRYfZQ,shopping mall walk,channel_search
UCC6ydzstI9jfszAg1PzUBrw,driving tour 4k,channel_search
UCC8zeMcREJ-gvSmXZMTnr3g,shopping mall walk,channel_search
UCCDvGX3TSNjop9aHGlBBLoA,walking tour 4k,channel_search
UCCGkZ2MqIgiTvM8IPo1HHfQ,driving tour 4k,channel_search
UCCJAuHM4ArfHFTc3wTyNr6w,walking tour 4k,channel_search
UCCJY6ZaGjfIE_nWqrLLZVXg,driving tour 4k,channel_search
UCCNPPSSdTTdTtyQ3av4-0eQ,shopping mall walk,channel_search
UCCNWkEv6KXwh3OuqdoX17lg,shopping mall walk,channel_search
UCCOZtsuMNB1FwM_Nz-vstvQ,bike tour 4k,channel_search
UCCPX2i24RDNshhYoFbKRi2g,driving tour 4k,channel_search
UCCQulDJC9BkKX3DLzohx-Uw,shopping mall walk,channel_search
UCCYsUqxlZs8MLyJxKdTEYdA,driving tour 4k,channel_search
UCC_XyQjgwZMdoVTK6IeGceg,walking tour 4k,channel_search
UCCbAUprPP4IQ12jjNnI-vaA,shopping mall walk,channel_search
UCCcFah5bW8zIbMqydLHeRdw,driving tour 4k,channel_search
UCCeWyl0pdUDNwR2J6_E2l0w,walking tour 4k,channel_search
UCCfonaBJYS9aqxnjrlV0ihw,shopping mall walk,channel_search
UCChcN1MM1V_bSSTESnNYq0Q,driving tour 4k,channel_search
UCChsouhs8S7LMvLBUyinfyA,shopping mall walk,channel_search
UCCifgw5heieu3rESMxs_oRQ,shopping mall walk,channel_search
UCCkeT3R5H8CjbLuwBZFlCnA,shopping mall walk,channel_search
UCCpzVpXQeKnnbKkbRX_7DCg,walking tour 4k,channel_search
UCCqQoB-fr7QSRlDDoeDi6Xg,bike tour 4k,channel_search
UCCtNWtQpkfphfkULsFd1oTA,bike tour 4k,channel_search
UCCwHms95AH2uH3TYLq6vEgw,driving tour 4k,channel_search
UCCy4YYz40fX9iGrczdGrrPg,driving tour 4k,channel_search
UCD2wOsH-2iuMzwXOE2iiCBQ,shopping mall walk,channel_search
UCD4x4ucg96gs9tGeE1R4DJg,shopping mall walk,channel_search
UCD7Yd7qCjmovzgmT2cZpFiw,shopping mall walk,channel_search
UCDCh_co9bI5yMjTsLeHYAVA,walking tour 4k,channel_search
UCDEB-dIXN0AR-kQQAE6oL1A,bike tour 4k,channel_search
UCDEHokIqspifE0PoDkWv7vQ,city walk 4k,channel_search
UCDEdPWw2lypbVcZ9bAHAYng,bike tour 4k,channel_search
UCDFqyIVeP-uhZovHBekdmOg,shopping mall walk,channel_search
UCDGroZxukWTmiTZD3HHxgPw,bike tour 4k,channel_search
UCDHnGpE-S6ej40BPPQglZsg,walking tour 4k,channel_search
UCDOWxv7L86BQdyNJyE4H71Q,shopping mall walk,channel_search
UCDT_nrjzZtjgleBIphnEB5A,shopping mall walk,channel_search
UCDV9QDS2jsfT1aU9sbP4H-g,driving tour 4k,channel_search
UCDWinhM0qu3Py87Hwd2Nscg,bike tour 4k,channel_search
UCDc0qqdBxs0ATQO9i0eB5pA,shopping mall walk,video_search
UCDcBio7Y4qf4K1YyW4jM6KQ,bike tour 4k,channel_search
UCDoq-vOb_dyJGY3HWW63DxQ,shopping mall walk,channel_search
UCDt_0KOEWN3FsEgBuoj3HdQ,shopping mall walk,channel_search
UCDtuL0lh52cTfmfzQvptXJw,shopping mall walk,channel_search
UCE-lVuzRQpjduDO1yxp-X0Q,bike tour 4k,channel_search
UCE9NHtTla8Lqk9CKvFkjHXg,shopping mall walk,channel_search
UCEG3jxa9z-7VWHusO5HzT-A,shopping mall walk,channel_search
UCEHMjneDdNSReLzqXxa3IZg,city walk 4k,channel_search
UCEHz8MRZ2GZCBHIg7KG-qfg,walking tour 4k,channel_search
UCEJUGrMsvPJBoddvVkMIlkQ,shopping mall walk,channel_search
UCEL9_gFV9YRasbbsu5v8Ynw,walking tour 4k,channel_search
UCEN_t6x-yI3lCrogOBSsVFw,shopping mall walk,channel_search
UCERhrfMIf1AAeJ-9P7xZ3Hg,shopping mall walk,video_search
UCETJFPLTJXSPNIv1xgzMUYg,walking tour 4k,channel_search
UCEZ_zB95xT6J8u33-pBF6UA,walking tour 4k,video_search
UCE_fKSmiSFnmu1r6nWc6xQQ,bike tour 4k,channel_search
UCE_pQLkOmVcnh2JNTkREiPQ,shopping mall walk,channel_search
UCEawyV7if9BoKFJIbexlBKQ,walking tour 4k,channel_search
UCEcVDK5VWp1VlBTuFBfE3Vw,shopping mall walk,channel_search
UCEhIQjFl25__jrAXOo7nl_w,shopping mall walk,channel_search
UCEpEUcOMozP1oTDmVFQnHmA,shopping mall walk,channel_search
UCEsXJz6nvtUPunYZ9cHeYyw,walking tour 4k,channel_search
UCEwYqL4vPuReDahpB3rooRg,shopping mall walk,channel_search
UCEx3GaAYbl6zaf5LK1SerDw,walking tour 4k,video_search
UCEzA3d4yZAGJccbQ8k-x5vw,shopping mall walk,channel_search
UCF09Co1QD0Xg9MDt7YqRV5w,bike tour 4k,channel_search
UCFFavdZeQtzXHHT0UZj4kjA,shopping mall walk,channel_search
UCFJajROZ-2lO6wWSNb4PH2w,walking tour 4k,video_search
UCFN_dQuFU6tXwVLXppqOwpA,city walk 4k,channel_search
UCFOzD5cTKG-mbVNVbZ1tgBA,driving tour 4k,channel_search
UCFPWJHwygXG3_4BlFNCjZBw,driving tour 4k,channel_search
UCFWdXXvIzGrKyuqijTnrbSQ,walking tour 4k,channel_search
UCFXJyS7hwOPmgwRI6KLsXDQ,driving tour 4k,channel_search
UCFZi8NZKVKuoUIaG83t5PoQ,driving tour 4k,channel_search
UCFf6q9y60Om2FWkCvb1jO6Q,shopping mall walk,channel_search
UCFgIbofzEigeTwzpuElAAfw,bike tour 4k,channel_search
UCFh4uQignGcyr7D6lpLl8Ow,driving tour 4k,video_search
UCFnzFmFOlXt9InRRrtzm5qA,walking tour 4k,channel_search
UCFww2glL1c_vhXKv0HNvGdA,walking tour 4k,channel_search
UCFxrqi7cMtXOwvAqqFN7ewg,shopping mall walk,channel_search
UCFyaOiTBlITV6HfAC2xKaMg,shopping mall walk,channel_search
UCFzssulsGA5-IeD75IFJJ9g,walking tour 4k,video_search
UCG5gnAI2Yqsc89XRHtr0LmA,bike tour 4k,video_search
UCGKyGh1I5UiPpZ6MFyp9sQw,city walk 4k,channel_search
UCGSQf5jKZc_tt1itusArJeQ,shopping mall walk,channel_search
UCGSTAsV793k4halGDOU6R2A,bike tour 4k,channel_search
UCGTmTcnMDVl1hZYRoCaGe4g,bike tour 4k,channel_search
UCGV7uFneFPAk-FU5ro_zJJg,walking tour 4k,channel_search
UCG_qGhrOkxBYldEoDtrYPtQ,bike tour 4k,channel_search
UCG_ycargZd1EaH2HXBalzjw,driving tour 4k,channel_search
UCGjCcqVHBs2JzBdqHKaJ52A,driving tour 4k,channel_search
UCGjbB3aAnzaD6I3AYQGwOEA,driving tour 4k,channel_search
UCGnn6wCTXydzNUmeDlNPG2g,walking tour 4k,channel_search
UCGrJWVV4tyTJSjYocV6E7kQ,bike tour 4k,channel_search
UCGsPQ6olSH0BjxJ46wnjT9Q,shopping mall walk,video_search
UCGtoGxZVxSy03mwYHgR572g,walking tour 4k,channel_search
UCGumE6UpYRmChJZCy6pHBrw,shopping mall walk,channel_search
UCGwBI0S7NRT5ep8leOe6QWA,bike tour 4k,channel_search
UCGx653jY2-u2rCgb3Rfi0rw,shopping mall walk,video_search
UCHDQOZjxuSm0-LgLQtMeCqw,shopping mall walk,channel_search
UCHEvxWmkSMf6a1TF-3dhlZg,shopping mall walk,channel_search
UCHFYajn77OynQhNBuBHiJkw,bike tour 4k,channel_search
UCHG0_GSE0q02ywTfSoq2s3g,bike tour 4k,channel_search
UCHLLWGsgCY8BBPMPHBOL1Og,shopping mall walk,channel_search
UCHMRgzMjYy98qqPpdXajb8g,shopping mall walk,channel_search
UCHQ6uw6xAS_IqphWMpunwIw,shopping mall walk,channel_search
UCHTaGuHpNPnDI24tkg5WW3g,driving tour 4k,channel_search
UCHVlHvwET8nwky39ndKcw4Q,shopping mall walk,channel_search
UCHXihyAhPkwSnOq9G3DlPKw,shopping mall walk,channel_search
UCHdAITwKjxBbLXZTH1DdUcw,shopping mall walk,channel_search
UCHhKR5OqZV9CLGGMfPfBqkg,walking tour 4k,channel_search
UCHhmIRyomsXOR-26zH1jLvA,shopping mall walk,channel_search
UCHoSwQkRgFMr37dSJAfqrpA,bike tour 4k,channel_search
UCHu-Tf2t9nmoD6sGazvXGCA,shopping mall walk,channel_search
UCHvAHzyuJC-DeURyG9X6sJA,walking tour 4k,channel_search
UCHw4XxOMjRfWK3k7G9ANeGw,driving tour 4k,video_search
UCHyEaFYKzw8yziZjLF7Gwrg,bike tour 4k,channel_search
UCI4c1CbwzyfNq1axX6BpL5Q,bike tour 4k,channel_search
UCI8AqWwOld45OeIIwIr6IZA,walking tour 4k,channel_search
UCIBPAsYaXd6mfJdXVDDThMg,walking tour 4k,channel_search
UCIC08j2opKSnjm_VcgE5b8w,bike tour 4k,channel_search
UCIDxPrMPZZGlemE8r0pOsOQ,shopping mall walk,channel_search
UCIEGFcaK2Nm_vdIwUhMhhIQ,bike tour 4k,channel_search
UCIKAsBdkwH3ERoJd3hJQ-Jg,bike tour 4k,channel_search
UCIN-DTUew58vdqxlaHNQgDw,driving tour 4k,channel_search
UCIOoqasgEEa_OVMgX2D9-zw,shopping mall walk,channel_search
UCISECsLtPxV6L58Py24-DBw,city walk 4k,channel_search
UCIXVnuNaYyYYhYTeowGOgKA,walking tour 4k,channel_search
UCIhFReH1np-gLwZhQxJYnWw,bike tour 4k,channel_search
UCIo5GcsS8DIJhOrKXoLkLhw,walking tour 4k,channel_search
UCIu49GCMEwG2iKSyafpBbYQ,shopping mall walk,channel_search
UCJ4LY563rSsvql_aOLsq8TQ,shopping mall walk,channel_search
UCJ6BeYO3uDNFmCTzLn-6Zqw,shopping mall walk,channel_search
UCJEquI_QQAhbcQME8WQeE3g,driving tour 4k,channel_search
UCJGEyc9fd22V9FUGGdDAjbw,shopping mall walk,channel_search
UCJITH9BPAUFHzeKO91OH3dA,shopping mall walk,channel_search
UCJIsUWiCgrJhvgAFt5wTjXw,driving tour 4k,channel_search
UCJJ1ZFTNxk2F12hj6UvydQA,shopping mall walk,channel_search
UCJJDkrgFsvGdfnzgATFx4Iw,shopping mall walk,channel_search
UCJKKp1d_rYQrIbc4XVICelg,driving tour 4k,channel_search
UCJKt7hUWjfAhJ06EjzBRiSw,bike tour 4k,channel_search
UCJQ4a1vGJz6v746ZmzzB0kg,driving tour 4k,channel_search
UCJS8ZJTFHtK4Ysw06IFgsPA,bike tour 4k,channel_search
UCJT6wnJjXGkDuprAJkcPJSg,shopping mall walk,channel_search
UCJWRjgx4zAAZFnJ8G359btw,shopping mall walk,channel_search
UCJXD1SmvZ4ri5Gb-KyEOoag,bike tour 4k,channel_search
UCJ_sXtgujKIaU1ipFb_WhzQ,walking tour 4k,channel_search
UCJcCB-QYPIBcbKcBQOTwhiA,bike tour 4k,channel_search
UCJd-4Pi6sUjVmKFLAA7Evww,driving tour 4k,channel_search
UCJgPROZGILrn84VEpMnwyoA,bike tour 4k,channel_search
UCJkloVW2zbl4IBZsBhQYxng,walking tour 4k,channel_search
UCJtjZ25lIJ9vtpK3PYdWKYA,bike tour 4k,channel_search
UCJwd18g-TBYzS19Fvk0q2Vw,shopping mall walk,video_search
UCJyncRKpMCcb5mKkwnqzK3w,shopping mall walk,channel_search
UCK4XTDV9pr4IFwcKv1VmbuQ,walking tour 4k,channel_search
UCK8lJH08EMfWjF_fvOEJPJw,driving tour 4k,channel_search
UCKILLXTE10UuIkPXdE1FeUA,shopping mall walk,channel_search
UCKJ2fOITHbU8sj3yuu2c4EQ,walking tour 4k,channel_search
UCKKy6F6eHVN0qeOmLcVFqhw,driving tour 4k,channel_search
UCKMEYfUj1G6a-R4zfv9Np1Q,shopping mall walk,channel_search
UCKNfeYmR_bZqYf50MksW6mw,shopping mall walk,channel_search
UCKToSNnuTrLUm2PDeARj4wg,shopping mall walk,channel_search
UCKTxp17ES5NX9UMAnL4G8_g,shopping mall walk,channel_search
UCKWK98KBof93NR8YIRCWE0Q,shopping mall walk,channel_search
UCKWgpXOoUE7lg4dSiuXtE5Q,shopping mall walk,channel_search
UCKXgF4fV8tcTHO39pi7CiuA,walking tour 4k,channel_search
UCKa5iNlYcgXfBJii_TMlCOQ,shopping mall walk,channel_search
UCKcmzZVTwe8MgQcX5UAnGLw,driving tour 4k,channel_search
UCKd4v52mZ_xJG8_m1AaaRVg,driving tour 4k,channel_search
UCKd5Fcpm16VqtvOoybv6yyA,shopping mall walk,channel_search
UCKdX5GXQIrRQ5rbsjhhxIKw,bike tour 4k,channel_search
UCKfQaaqwa9iN3nlKI28oABA,bike tour 4k,channel_search
UCKjavWOMbBQmMGVvo99xWZw,shopping mall walk,channel_search
UCKm6_6e1G_BGcKfQVq_z4SQ,shopping mall walk,channel_search
UCKohIqeCB-67Wju3f-B2EXQ,bike tour 4k,channel_search
UCKxA2_w857nlShz5qDi1p9w,shopping mall walk,video_search
UCKzeydClLqEWmDdruuVprbg,bike tour 4k,channel_search
UCKzxsWZfm0ik9Dnbf0ZIbPg,shopping mall walk,video_search
UCL8oC2bjqMebPBo8NWMtE4A,shopping mall walk,channel_search
UCLBZGi_D5-gr-_EB-60-JgA,shopping mall walk,channel_search
UCLCXpMKWUNqoJmlI_lQYNWQ,walking tour 4k,channel_search
UCLGg5288zyPDsN4h_8ZS_FQ,walking tour 4k,channel_search
UCLIX1h9rHwAW2dVjlOJCkfw,shopping mall walk,channel_search
UCLMe5KxprI_qdPVJuA0Hh-g,bike tour 4k,channel_search
UCLQpYxssqIeHB0Ik7MhNNGQ,walking tour 4k,channel_search
UCLXg7zwiESEF9XW6mB_Ac6A,bike tour 4k,channel_search
UCLZit5dIz7K4BSnE43RrZKA,shopping mall walk,channel_search
UCLcSVw1PI4Tkphr9ySpZsdw,bike tour 4k,channel_search
UCLcUnVObN7gUDt2EYzgCpOA,driving tour 4k,channel_search
UCLe_q9axMaeTbjN0hy1Z9xA,shopping mall walk,channel_search
UCLqCK3mjBtsY6YTPTQ_RyJw,driving tour 4k,channel_search
UCLsjKwghWK7BOf9pWXmib6Q,bike tour 4k,channel_search
UCLtQ3z6OLce59oEOUt3wgqQ,driving tour 4k,channel_search
UCLuJuuQNR_bnJKAbs3bFO2w,shopping mall walk,channel_search
UCLuns5Evz_dCc7zA5mjbnGA,walking tour 4k,channel_search
UCM-QoyHHoS2_TVGQC-wQt9Q,bike tour 4k,channel_search
UCM341IGpUt2vw8a5RHVlX4w,walking tour 4k,channel_search
UCM5gbHADdY-fFB6lsH443wQ,driving tour 4k,channel_search
UCMAvPJaarYVtqoXpYy1ObAw,walking tour 4k,channel_search
UCML3SidVb4jsDfS-twneG_g,shopping mall walk,channel_search
UCMLPl1pbC2IIoeSFhH-BsTg,driving tour 4k,channel_search
UCMQS2MaYpcMz_g_Mjl-YOGg,bike tour 4k,channel_search
UCMVZAnAMdwngRsyKo3u_MCg,shopping mall walk,channel_search
UCM_mQ5aRharvN7WY3icCvdw,walking tour 4k,channel_search
UCMdWPRLwII70rND8yT1K6lQ,shopping mall walk,channel_search
UCMhFpHKUbcg23AbWFggXROQ,shopping mall walk,channel_search
UCMiPtkSyPvRGlw709ihPZZA,shopping mall walk,channel_search
UCMtgnI_QhQvIqMRNA_XmFOw,bike tour 4k,channel_search
UCMusg-m3TackpOBYHFbdYmA,shopping mall walk,video_search
UCMxYlFlLCDNCL9NFjyD3iYg,driving tour 4k,channel_search
UCN-HCXEpUHA21v1mc4tdoTQ,shopping mall walk,channel_search
UCN-lp6aN7F7Es9xiH0YIyLg,driving tour 4k,channel_search
UCN4Ey9-HGAbmYvG3t3X5dow,bike tour 4k,channel_search
UCN5XyICO79WxDxeFEji9ZUg,shopping mall walk,channel_search
UCNCx-I_RPedpquZ1-c0VhYw,driving tour 4k,channel_search
UCNGNQMclnXgZQ0l1RKKA2aQ,bike tour 4k,channel_search
UCNOAZCez0ZI6leXNiafCnjA,walking tour 4k,channel_search
UCNUBkvBsR5u4Io3meeIPrtQ,walking tour 4k,channel_search
UCNUsndmoH9CCloc4Y7ACLKA,driving tour 4k,channel_search
UCNVPuE-Plw9kv2K3O4Df0Ig,shopping mall walk,channel_search
UCNZb7r1lsNDNOcMinDZsxVQ,shopping mall walk,channel_search
UCN_brYtrfYQRuGhHl4JgPBA,bike tour 4k,channel_search
UCNbfZVc6tyJbM-JxDvBtJPQ,shopping mall walk,channel_search
UCNcvEsFETNf13V_q3dt73MQ,walking tour 4k,channel_search
UCNejpTuhTkimcWOg8Rfm_Jg,shopping mall walk,channel_search
UCNfVzaXDko7AgkPtY5bL9NQ,bike tour 4k,channel_search
UCNkZgdZ-VekqeMgrCIXBlyg,bike tour 4k,channel_search
UCNkaPtUobRcOUM-4M8TUAVw,shopping mall walk,channel_search
UCNpG3s7jC-r-yqBvRn4rYQw,shopping mall walk,channel_search
UCNrT5p1NrWEzKHuOZhPRfjg,shopping mall walk,channel_search
UCNw5htNUhMrmIymd-B50DbA,shopping mall walk,channel_search
UCNzul4dnciIlDg8BAcn5-cQ,walking tour 4k,channel_search
UCO-JYWMMOZhMPbS9c9fETuw,shopping mall walk,channel_search
UCO3ermbDj7rMM5dEZLR6GcA,shopping mall walk,channel_search
UCO8-0mWq3f8meUmrJFLLfdg,driving tour 4k,channel_search
UCO804_ADYSTWqhOmyx7J4bg,driving tour 4k,channel_search
UCO8dXO_IkfNROVCuMqRkglQ,shopping mall walk,channel_search
UCOCUMqugtZ0p6jUNYXkG4lw,bike tour 4k,channel_search
UCOCXcptDzTdn2QEKphtErsQ,bike tour 4k,channel_search
UCOGAbj4BfoGraohjbL6B8og,driving tour 4k,channel_search
UCOJHPIaXMLxdyH2I5SK9eHg,walking tour 4k,channel_search
UCOKVmFVdCcAUFmYpOjdMzMA,driving tour 4k,channel_search
UCONSaPCg1P5QTq6dTTGcX0w,driving tour 4k,channel_search
UCOOMuXUniBLvzrxgPUgT1GA,bike tour 4k,channel_search
UCOOkCVILjQWm8QSoet4KARw,walking tour 4k,channel_search
UCOTltJnsvy8V9ku46nARF6w,driving tour 4k,channel_search
UCOUf29urSfLrX4JDqlNr-CA,shopping mall walk,channel_search
UCOcrV1M9sWXgCYUFYoNIOkg,bike tour 4k,channel_search
UCOdsjsJYgMEfiG4vDVyHU6Q,shopping mall walk,channel_search
UCOiDcyBrA-ctRDwnqFT714w,driving tour 4k,channel_search
UCOl8nNIr6nN5oNKUqgXnt5w,driving tour 4k,channel_search
UCOlx478DxwYAwkLnz9ELNIQ,walking tour 4k,channel_search
UCOmi8hJnIb7onwpYQUB-mkA,bike tour 4k,channel_search
UCOpeF22fdtOHLu6EtgHIXrw,walking tour 4k,channel_search
UCOq1MHUZfADfg4RrCQ0wbNQ,city walk 4k,channel_search
UCOrP6QGFQE9Ar_AGiYgWjYQ,bike tour 4k,channel_search
UCOtI4qBBCO-9vgCH8oj-Wug,shopping mall walk,channel_search
UCOt_OnhjsW8hY4MKHaIS36A,shopping mall walk,channel_search
UCOy9yWwI-PyvzvMlbo_SCRw,walking tour 4k,channel_search
UCP2Ql4_gX_JS7a0fIkpU3AA,bike tour 4k,channel_search
UCP2YIbybEXN9IQRTPns8pvA,driving tour 4k,channel_search
UCP5jChKBqOZn_aPuyGS5uxg,driving tour 4k,channel_search
UCP66zmUtr_spWxjenHrFhDA,shopping mall walk,channel_search
UCP6LwgJZMzpfo2iitORSPZw,bike tour 4k,channel_search
UCP7QUzCRH3Uh5wrAsQZAnRg,shopping mall walk,channel_search
UCP7uc2GB4Wf5gD5BOn-XOzg,driving tour 4k,channel_search
UCPDdorKbAsdIYCUwsbg58mw,shopping mall walk,video_search
UCPEnqNF8K6JJmwSBeZ95vMQ,driving tour 4k,channel_search
UCPMSNF2xeuxwQTR439u_22A,shopping mall walk,channel_search
UCPSLGtV1czabDIOe0rAiiUQ,walking tour 4k,channel_search
UCPWm-47jxwxC9Ls4AHMg_SA,shopping mall walk,channel_search
UCPaHI6GdfCn_aoEKTjAgJpg,bike tour 4k,channel_search
UCPe8SE83JoUma_gGV09Vylg,driving tour 4k,channel_search
UCPur06mx78RtwgHJzxpu2ew,bike tour 4k,video_search
UCPyX3rVT1SUOw83pWUC_zVA,bike tour 4k,video_search
UCQ00zWTLrgRQJUb8MHQg21A,shopping mall walk,channel_search
UCQ1_UFFl7YP5tsXgyMniUFw,shopping mall walk,channel_search
UCQ5S0zMwTtGcjZNdeHRViJQ,shopping mall walk,channel_search
UCQ8mxwany5sFc2_m8kCSI2A,shopping mall walk,channel_search
UCQ9Yf5dfvWQbeJRlWapJ8mA,walking tour 4k,channel_search
UCQAjeGMO2wKo5N5yjMLBt0w,bike tour 4k,channel_search
UCQDIP7ztGZPH7OqRWOO-JQQ,walking tour 4k,channel_search
UCQEZKoznLWy-ys4JRBtt7bw,driving tour 4k,channel_search
UCQFcZlc18CskNrwHJiWv_dA,driving tour 4k,channel_search
UCQHXNWlnliWS41FnCW-qAJQ,shopping mall walk,channel_search
UCQKU-m6v0UALFGGeGyVHx5w,shopping mall walk,channel_search
UCQM7NS-WXMK9t0_IyshJOGg,driving tour 4k,channel_search
UCQNqLHRukUmpKh5BsOV6TkA,bike tour 4k,channel_search
UCQTXsu3_tDQFJFTw2INyqRQ,shopping mall walk,channel_search
UCQXun6NqKJLZQ710LPKGDhg,shopping mall walk,channel_search
UCQbYMajc5YkedW3HfaVKJGQ,walking tour 4k,channel_search
UCQcmV7kzqmUrMYr2ZygjN9w,driving tour 4k,channel_search
UCQfHdRS3hVMm2OeparYHvpg,bike tour 4k,channel_search
UCQg9k5TmTBImo3YceuBBTCg,bike tour 4k,channel_search
UCQoXboQyNzn14RMVcce0bRQ,bike tour 4k,channel_search
UCQptzfmJnH_bbZcBSkjbtrw,shopping mall walk,channel_search
UCQqv8o1pNOGVmm8zzIN2MUg,bike tour 4k,channel_search
UCQsD4AfWO3A7CaoDuc_FKRA,bike tour 4k,channel_search
UCQsGKAPjefol1xxxwoOb7SQ,bike tour 4k,channel_search
UCQuxoWXrnQYi08wkMhAtoxw,bike tour 4k,channel_search
UCQwnU0__8rL-RDAiuwDr6gA,bike tour 4k,channel_search
UCR0VLWitB2xM4q7tjkoJUPw,shopping mall walk,channel_search
UCR0c7Zr11TXeV-pVRBuUiIw,driving tour 4k,channel_search
UCR3OH16qB8Hdth2JaJxIziQ,walking tour 4k,channel_search
UCR6K-wwG-_j33L9ffmRIptQ,walking tour 4k,channel_search
UCRBE01VpArgbCrRhPGrdWSw,bike tour 4k,channel_search
UCRFY61-PAxrSDlOV6OqyVRQ,walking tour 4k,channel_search
UCRFiUWfTlbK4wpYA9R5k9Mg,driving tour 4k,channel_search
UCRJ2V-XvWxQUt7M2W1-Cg5A,shopping mall walk,channel_search
UCRMf3aWVpulKMzIWLioYe6g,bike tour 4k,channel_search
UCRMmiFPa0QmVJS7U9pUEy9g,driving tour 4k,channel_search
UCRP5e_9pIAJlfCJ5e-g4R_Q,walking tour 4k,channel_search
UCRQaXbbpAJ-6yzT3RJdLkwA,shopping mall walk,channel_search
UCRWWxI7rwK-40L1PbLKEc0A,shopping mall walk,channel_search
UCRWq331jjwHckdK9tVwB5kw,shopping mall walk,channel_search
UCRXiGMKTsfc1bWA-yD7JCmQ,driving tour 4k,channel_search
UCRYTV2kH6v5JKT2iUPMJwgA,shopping mall walk,channel_search
UCR_tSC20PYugkZixFL_7Z8w,shopping mall walk,channel_search
UCRb_lKhXx1aDyExF3JwM-HQ,shopping mall walk,channel_search
UCRco-4uE0P3lj0Lw2fUxO_g,bike tour 4k,channel_search
UCRf2SOW21ODrfy3Hz8dRn3w,walking tour 4k,channel_search
UCRjxQQBNqZR_xLOvf9w_m7w,bike tour 4k,channel_search
UCRk-MuJlPZu_xHR-5cVJFUg,walking tour 4k,channel_search
UCRkR4fW7nztYtxDujZf6Xwg,shopping mall walk,channel_search
UCRlKcQGSYy-zNYzlPbPFUPw,shopping mall walk,channel_search
UCRoL0NNN9z_KSicwNamHCKA,bike tour 4k,channel_search
UCRsD7OBHWjLphvr9SvI049Q,shopping mall walk,channel_search
UCRuvC_m63T072wPK5fbGUiQ,shopping mall walk,channel_search
UCRwCD3nPrnFwcw-I074xflw,shopping mall walk,channel_search
UCRzZszAraYiKFG3f0vupllw,shopping mall walk,channel_search
UCS02y9DK3n-iyQXTUjm8G_w,shopping mall walk,channel_search
UCS1rrPos0Op5lzkEBfHlEFw,walking tour 4k,channel_search
UCS4EWmEn8R8oHhLOHMBtn3w,shopping mall walk,channel_search
UCS6CnQ9L-k09iCbJ6KXoPxg,walking tour 4k,channel_search
UCSB-L3HN2tJoizsxR45vUFQ,driving tour 4k,channel_search
UCSCkdqbwadhEw8j17WDjiFA,driving tour 4k,channel_search
UCSD7GVJESg6DV15fBN7TS1Q,bike tour 4k,channel_search
UCSDLurjHgDTpKbg4UhbXtZw,shopping mall walk,channel_search
UCSGoIq_tVESqNYF1Re-zn1Q,shopping mall walk,channel_search
UCSHSADoWINuS2IUFvhG9nQQ,shopping mall walk,channel_search
UCSJHDNWIGmRhsSEi-LkfHiQ,driving tour 4k,channel_search
UCSJHXvA4U31H1seKySy6aHg,shopping mall walk,channel_search
UCSJdxES4Irvzmbuh_ZcURwQ,shopping mall walk,channel_search
UCSM6tI8lSk1iEy9w19HhFPQ,shopping mall walk,channel_search
UCSUS6z-k0oPaV4DbHjbzTCw,bike tour 4k,channel_search
UCSX3-QUo2lgihdh7EkC8n9w,walking tour 4k,channel_search
UCSYUlIhGMCdM-oHxwvbhhLg,driving tour 4k,channel_search
UCSZXwdBppzhYpcqf69WNOIg,walking tour 4k,channel_search
UCS_5lgOE-TZ_pnGZ0bRiRKQ,shopping mall walk,channel_search
UCSe-HrTGikP4PNcEFPsJv7A,shopping mall walk,channel_search
UCSeVhgRSRH_lOWwqPzbqXYA,walking tour 4k,channel_search
UCSgXaQ0Doxx43R5708_-7EA,bike tour 4k,channel_search
UCShecIV-_4xHlYXGJoVwYhw,driving tour 4k,channel_search
UCSjoBKTsmqrtC3iQm6qQLgg,shopping mall walk,channel_search
UCSkBXKscHuVVB5RnE-6GPSg,driving tour 4k,channel_search
UCSlguSJnZKDTFUIDf6JIc5g,shopping mall walk,channel_search
UCSlwAN52mIPYkHfZCVS5HVA,walking tour 4k,channel_search
UCSsrYjyGstvCp_BM_lWnb3g,shopping mall walk,channel_search
UCSt5h27utDOtTSDeLjpw3NA,bike tour 4k,channel_search
UCT-K662pLkr59twqiLEJIvA,shopping mall walk,channel_search
UCT0ibVwTKlGyQvsLL0k4jkA,shopping mall walk,channel_search
UCT3R3dHl2lVn7GF3Z9OdYTQ,driving tour 4k,channel_search
UCTAsqPJ8PrlzU2t1JHszlUA,shopping mall walk,channel_search
UCTEH9JpWix1iaahF17k49Hw,shopping mall walk,video_search
UCTH5vjLpkRHU8LfC9yHLlcw,bike tour 4k,channel_search
UCTHDgvyzBHLSTNWPYB88MBw,bike tour 4k,channel_search
UCTICgwC0IRf6TMGjU0vf0bg,walking tour 4k,channel_search
UCTMg4jsCJoM8XsRY1FnoEcQ,shopping mall walk,channel_search
UCTNRd-3eEiAvR3jkX7JjG_A,shopping mall walk,channel_search
UCTP9sDeqayLKuD4QjHKdcIw,bike tour 4k,channel_search
UCTPwDmGQa8iC03V3bYHTw5Q,driving tour 4k,channel_search
UCTUzs-CVhyoboXiGi3t4d1w,driving tour 4k,channel_search
UCTZDpA73yl9Tt6OOEkYhN_w,walking tour 4k,channel_search
UCThLsgJ38mb-Jjx6ikg_a6A,shopping mall walk,video_search
UCTmuAFtEfOOYbzuu8gXjx-Q,walking tour 4k,channel_search
UCToKXPBR4LUSDU_CDBoyLhQ,driving tour 4k,channel_search
UCU3NWQbNEHuBjuFWiMnzusw,shopping mall walk,channel_search
UCU5nOo94-cYf7J6pObgUavw,walking tour 4k,channel_search
UCU6363nlhPM2GKJN77VLaYw,shopping mall walk,channel_search
UCU8zKNli8YDZEK6DVF1ISbg,shopping mall walk,channel_search
UCUEb_4JdTTeZG-pxZO6YGXA,shopping mall walk,channel_search
UCUHViJt3HDdC3sIZTtv-3tA,bike tour 4k,channel_search
UCULub8VpiA85KubW5vHNGkA,shopping mall walk,channel_search
UCUN3eTu0IERvn2StBFpBQ2w,bike tour 4k,channel_search
UCUO33B7di-NQN2M3KOPf-3w,walking tour 4k,channel_search
UCUPsOJ5ncd8UaXZrMpkw5ww,bike tour 4k,channel_search
UCUQTxKZKGZaCfbSbizf7ZPQ,driving tour 4k,channel_search
UCUT7vponKSI_4EUTPaJtMXg,driving tour 4k,channel_search
UCUTpcMxt2kiBrbi63-UqO2w,bike tour 4k,channel_search
UCUZG3El7ErlK3h_HgQeQsbA,walking tour 4k,channel_search
UCUcu76jDkbikjGnC90LMtfw,driving tour 4k,channel_search
UCUwmsAFKZ1FjTweiu_banyA,walking tour 4k,channel_search
UCUx4T74aFrfyzTBCcc6r-Cg,driving tour 4k,channel_search
UCUx7mSjN95tYlXqvqLr5TDA,bike tour 4k,channel_search
UCUy2jf0KCy4vC0CYaOnzwig,bike tour 4k,channel_search
UCV2_l3k3JuZwIhiY1H0kSxA,walking tour 4k,channel_search
UCV34ClRABeVaJbSnAiB4-3Q,shopping mall walk,channel_search
UCV8rqgbrjsAZMhHhsvZ2afQ,walking tour 4k,channel_search
UCVApe0NsbpKN5d1oaVF3qKg,shopping mall walk,channel_search
UCVDYGluQPiTaPFuxH7g8nQw,shopping mall walk,channel_search
UCVIP5lq2u1iF5Szl8JOtjRg,walking tour 4k,channel_search
UCVNB2hK4_KLglyyfB7VeEBA,shopping mall walk,channel_search
UCVVIKIz_I9UIJdRsBP14cYA,bike tour 4k,channel_search
UCVZwYdCzEycbonRQ5MluVcQ,driving tour 4k,channel_search
UCVbBtdw-_SCqGDs6-_awaDg,bike tour 4k,channel_search
UCVbCtKLOE9WbmibbvHh3xDA,shopping mall walk,channel_search
UCVik06iAkhoNqGcs4zj7i5g,walking tour 4k,channel_search
UCVje2PdkVz0Ebul3vCkPPZQ,bike tour 4k,channel_search
UCVlPiKk8chx7YDaQbvx75cw,driving tour 4k,channel_search
UCVrq0lCab809oV0gjMehYGA,shopping mall walk,channel_search
UCVyXfESIkAh04g_UJz3TJdw,walking tour 4k,channel_search
UCVyl7JCTWi6evmvSJPmG4XA,bike tour 4k,channel_search
UCW1bAHUd6MxYhF_Y6VH8yAw,shopping mall walk,channel_search
UCW359mNIMt1M6XnHgJuCL9g,bike tour 4k,channel_search
UCW6z0Wnd-GIdA4dtF7DSgoA,shopping mall walk,channel_search
UCW84_SE95smxtkzsA-GvDcg,walking tour 4k,channel_search
UCW9_k0FxsL2lYrRRW_EoC8w,shopping mall walk,channel_search
UCWIyABXs6HARb2lsarRCn9g,city walk 4k,channel_search
UCWNYIHTJ3NX0qFhGy6ZhY6g,bike tour 4k,channel_search
UCWYmJYwJcnIqGnryuLyUdUg,driving tour 4k,channel_search
UCWZDNjCrCLHeFA9oSj4QSXQ,driving tour 4k,channel_search
UCWaxqt0WbHvg0YHfzHqJtKQ,walking tour 4k,channel_search
UCWlPIB6XvAsKVJjN5tsqW9Q,driving tour 4k,channel_search
UCWmVmMVdhmWo8HqlnhBLdBg,driving tour 4k,channel_search
UCWpg371TWs8xabjKhU9JFGw,shopping mall walk,channel_search
UCWqqPFl7lKW4lRJj7dfwvpA,shopping mall walk,channel_search
UCX-jyRY5QKvMDPKi9UCA9VQ,shopping mall walk,channel_search
UCX1cKCS0LURMO1wQWLfeiUg,bike tour 4k,video_search
UCX6DkEO1mYAzcWqBmDgWevA,shopping mall walk,channel_search
UCX7yG1lE3eFs8Azw_hv6FqA,shopping mall walk,channel_search
UCXB2cxYpLvo-UrE1oRmF54g,walking tour 4k,channel_search
UCXDaH0VYahdSKj1QzFi_2WA,driving tour 4k,channel_search
UCXQBaOUVsbWvIO5rXzu0I-g,shopping mall walk,channel_search
UCXQhVsCeudPrO4DBZwnbCjw,shopping mall walk,channel_search
UCX_nG1vZhGDMXNA7nZHOVDA,bike tour 4k,channel_search
UCX_uGzVgYJuo_iuYSBqEr4g,driving tour 4k,channel_search
UCXe01yca9Y9vwumAhknqD1w,bike tour 4k,channel_search
UCXioNDcV-LQUrCJWykWW2Ag,shopping mall walk,channel_search
UCXsMY_hrFVDw_OnHmvwtx1w,bike tour 4k,channel_search
UCXuU6W6yDwXWm9lWPiULC5w,bike tour 4k,channel_search
UCXvsOPyC3tuaZ1kKTs7NWPg,driving tour 4k,channel_search
UCXy1HN-j8b6B08GwSBq-mpQ,driving tour 4k,channel_search
UCXyPg9pQV9z-HTvl3fQsbPg,shopping mall walk,channel_search
UCY6_zTACAOH9SdnPrkhfXyQ,bike tour 4k,channel_search
UCYFCJRC4D8avoEvWGjuxscw,bike tour 4k,channel_search
UCYK5SHbKL4fcH3DqzHv6d4Q,bike tour 4k,channel_search
UCYNNYq9QoATO3SZfULpiKxA,bike tour 4k,channel_search
UCYNc-Yi3w9eI9BDK2NU4amw,driving tour 4k,channel_search
UCYUeyPvZOzG01Gd_VLFue8A,driving tour 4k,channel_search
UCYWq_5r9UuxeMkkRm0s87vQ,bike tour 4k,channel_search
UCYXM9nlzhASQWciwgKbd7Lg,walking tour 4k,channel_search
UCYXyVIy70ym41JpahptWYbg,walking tour 4k,channel_search
UCYYgRzHgL7UB6erNrEQwMOg,driving tour 4k,channel_search
UCYdRD04lI-DIbHd_35w200g,driving tour 4k,channel_search
UCYgfnXL3OaC08pwrH-bpp8Q,walking tour 4k,channel_search
UCYkU3ZQYuad2GdBL954zExQ,shopping mall walk,channel_search
UCYrEm1Ya5ZPpdgMVLy87RBw,driving tour 4k,channel_search
UCYrGaaXyXFaiRDap6J56IKQ,bike tour 4k,channel_search
UCYuSUM3cBxotKRF9qP30B9g,bike tour 4k,channel_search
UCYulrOk4EbqL833oETw0bWQ,driving tour 4k,channel_search
UCYuukNG213DmczjFp-gTI3Q,shopping mall walk,channel_search
UCZ-P8D8qw6YqksHFsKhc50Q,walking tour 4k,channel_search
UCZ0jZhx3r8NP0vygoKMZdyg,bike tour 4k,channel_search
UCZ1CDco41pm4ixpPVOtleCg,shopping mall walk,channel_search
UCZ1QwgDq31eFrmj5YdGxPpw,shopping mall walk,channel_search
UCZ3uqi8M_yQFiQkbpGCn9pA,bike tour 4k,channel_search
UCZ47REFUzsSjeU7gCvk62aw,shopping mall walk,channel_search
UCZ8t_jXyDWHmEz7XPpoTSSw,walking tour 4k,channel_search
UCZ9fAw3L9-RGuCvx8qVHTLQ,bike tour 4k,channel_search
UCZA5iQyM47Re1gTeSjg-57w,bike tour 4k,channel_search
UCZDDQ5-u6WJ_OiqOubymQbw,driving tour 4k,channel_search
UCZDNL-CSsIfU-VS4PSKYwiA,walking tour 4k,channel_search
UCZG8dW5nXjRi8q0xPNjKLqA,shopping mall walk,channel_search
UCZK5noBZFk2pb8OYzGCbteA,bike tour 4k,channel_search
UCZOsTzMAV1Guvi_IGGn8Mzg,shopping mall walk,channel_search
UCZXzaq_Bcd3i67u7QRpruJw,walking tour 4k,channel_search
UCZYuwD6hsu8zuSta9ETShTQ,driving tour 4k,channel_search
UCZaz6PWTTBcGJ5vcWtOtaUg,driving tour 4k,channel_search
UCZf-CjRiqYrxkYGpE8oPUuw,shopping mall walk,video_search
UCZfuk2vKePWsCIxImbo04sg,driving tour 4k,channel_search
UCZgdOdPbNLzO1C2oMqgEetQ,driving tour 4k,channel_search
UCZgwMqXi5lYgdb7mDWCEazQ,bike tour 4k,channel_search
UCZrvDnhLV2RI9V3Rk3ueSZg,driving tour 4k,channel_search
UCZs2dL39H6re5e6h8td2vgQ,driving tour 4k,channel_search
UCZzQLLvcrATO7TsvwEV16Bg,shopping mall walk,channel_search
UC_6H_BW1qgjvw7YQH4nZM2g,driving tour 4k,channel_search
UC_6sRPJkgqJ0QyvaNxdfPJg,shopping mall walk,channel_search
UC_86-eCjEvxRJU44G_yWfGw,driving tour 4k,channel_search
UC_8AjHqTec4u_IA45WVKi7g,shopping mall walk,channel_search
UC_9EdUEOXf38ZTr-bf4pMhA,bike tour 4k,channel_search
UC_ANXTH4_M3eq-8pI0IL_Qg,driving tour 4k,channel_search
UC_DIitFREZaNs3V0HrOIO3g,shopping mall walk,channel_search
UC_DR7trrKG7Jb6DcF7rL_Tg,driving tour 4k,channel_search
UC_FZ6Z3Xamyil19ZZfXeVjw,walking tour 4k,channel_search
UC_FfUOIMnZjU_uytsdZy3Wg,walking tour 4k,channel_search
UC_G9fm731WLYxh3P8UIdfww,shopping mall walk,channel_search
UC_PkgMyDL07gtDTv4N20o5w,shopping mall walk,channel_search
UC_UqP9yhZSKgST5Xb6jsKSQ,driving tour 4k,channel_search
UC_XSkGqMoLpCEjbvTu19Zdw,shopping mall walk,channel_search
UC_Xju8ttsJ5OxnEgnF1HOOQ,bike tour 4k,channel_search
UC_Z7_zaamzRx1SLrRnHxbVA,walking tour 4k,channel_search
UC_bkEzbHsEzu_8OhGo07QuA,walking tour 4k,channel_search
UC_cpRj7r893emc-RfMh-9pg,walking tour 4k,channel_search
UC_jSqJtqja62czQuzmDKBpA,bike tour 4k,channel_search
UC_l_mSFwjsCYEPGOdM7kgOQ,driving tour 4k,channel_search
UC_mzz_JnzArhhpGUy8KdGwg,walking tour 4k,video_search
UC_pmIlk1eq0i0ZCUqXiOhRA,driving tour 4k,channel_search
UC_sCYyBKqXED_sk4l0P9vYg,walking tour 4k,channel_search
UC_wCbFZHCh9amfaXXI4yq_g,bike tour 4k,video_search
UCa0R1jvXHvIsLDD7dpw8KBw,shopping mall walk,channel_search
UCa18QaX9mDPjnYBBPxCFiEA,shopping mall walk,channel_search
UCa1UO2-QEF_hZaY03rAAGlQ,bike tour 4k,channel_search
UCa4fQas531eMiNQMzYNP2sQ,shopping mall walk,channel_search
UCa5hKroOIwpiAt425KrS5BQ,driving tour 4k,channel_search
UCa7HysLFbamdB6bJNmxsbfQ,bike tour 4k,channel_search
UCaCDBpD1rd1aoPw-ruCnypw,bike tour 4k,channel_search
UCaEQjwLXPI88apaV6Y5DQ9Q,shopping mall walk,channel_search
UCaGTuG_AFoZrCRAVzpzmVxQ,bike tour 4k,channel_search
UCaIStogx2q09KRqckvr7LSw,walking tour 4k,channel_search
UCaIcG1RIybzeBs6RCjXhVPg,shopping mall walk,channel_search
UCaIvta1qg8gAgPWJLDcAyMQ,shopping mall walk,channel_search
UCaN5qWqBKPP7GYwbbBMWP9w,bike tour 4k,channel_search
UCaO19EP1T3m61v7lhXO0Cfg,bike tour 4k,channel_search
UCaRVcO6NW6yBG0XEp67ST4A,walking tour 4k,channel_search
UCaXf7pOC5KIclUlHciyPSWw,shopping mall walk,channel_search
UCac2pd6X59vcWn5nub0yBsg,shopping mall walk,channel_search
UCadmXVDmfOOrFXjqMdJCasw,driving tour 4k,channel_search
UCaeQyi64SE2V6y-5VUpepTQ,driving tour 4k,channel_search
UCafwdA_WwP9fch_K589NrBA,walking tour 4k,channel_search
UCalD_uXLLRTB0JotDdfoFIg,bike tour 4k,channel_search
UCalRSWMyxuLQdxMkj4Tdblg,driving tour 4k,channel_search
UCamhiOAUFS3M7V1Bw87gV3Q,bike tour 4k,channel_search
UCanmWB-6Oq57HWESdrJriiA,shopping mall walk,channel_search
UCapGhc_apJan98nC0QFCthw,shopping mall walk,channel_search
UCaqJ3VKtqPoiSt1sPN7nlIA,walking tour 4k,channel_search
UCatJIHFkHj-9FakC5rarxGA,bike tour 4k,channel_search
UCauPesui9OJZKkNlRXMyRBA,bike tour 4k,channel_search
UCb-PRvihFe3Q9iJtEl1fKYg,bike tour 4k,channel_search
UCb0Kh1iwal_qe-0b3t-01sA,shopping mall walk,channel_search
UCb1Pa4t0JToOpRzdYbGnWnQ,shopping mall walk,channel_search
UCb1yT0CKQ5b-Q0C6436LCiA,bike tour 4k,channel_search
UCb2_eDE9n1vwcvfdxE3PSzA,shopping mall walk,channel_search
UCb33c9CsRe5ccFBBGo9FDvQ,bike tour 4k,channel_search
UCb4aeYuY6znS4cWqk8ehoaw,shopping mall walk,channel_search
UCb4fvHxUT7ty2fy83OxgQyA,bike tour 4k,channel_search
UCbBr2onlUPP8X9eWbKBd_pg,bike tour 4k,channel_search
UCbEnGJzg07-Bbp0o8zwrz2A,walking tour 4k,channel_search
UCbHWVvdetQ2cPmEuM0awNTg,driving tour 4k,channel_search
UCbLMBGsFCsf2csEt0HFNJUA,shopping mall walk,channel_search
UCbOVQn6YB6rsxSjY0KnU7Hg,shopping mall walk,channel_search
UCbO_CZPoy83wF_TVl6VbhSg,walking tour 4k,channel_search
UCbQf10Y0YX0GvzDDNqE7bZA,bike tour 4k,channel_search
UCbQiCVLFtWLOjVO0YuUqo7Q,bike tour 4k,channel_search
UCbRSywya_rl8YS15Lo9ttsA,driving tour 4k,channel_search
UCbX7_LvshZGtU36z-578nPw,shopping mall walk,video_search
UCbbaHrLpb6ltxyUQY9Criiw,shopping mall walk,channel_search
UCbi5NfIOiul4U1H6pWcpBPQ,bike tour 4k,channel_search
UCbjVQDT_LRI-EhrrPjHR1IA,bike tour 4k,channel_search
UCbq9kEoKFtdwzwSM0cRMurA,bike tour 4k,channel_search
UCbsv3NsnOJ8nH0TIMaRZS-w,shopping mall walk,channel_search
UCbuLnlG0p69KSGoHCc_SFbQ,driving tour 4k,channel_search
UCbx-9htjxaJ9Lkz8dIWNm-Q,walking tour 4k,channel_search
UCc25tv9c3lhW_AiqxnYoSuA,walking tour 4k,channel_search
UCc3LIaIjNg5zQHheEZlms0Q,bike tour 4k,channel_search
UCc525c6ou1AQd6ASY2uPl5Q,bike tour 4k,channel_search
UCc6H82QQNK_BrPDtrRuaoCg,walking tour 4k,channel_search
UCc98TiiVl28m5JgcVAkBW2w,driving tour 4k,channel_search
UCcC7L58A7wuUSsgd0Wq76yA,walking tour 4k,channel_search
UCcLUjEycx9_EWljysM3UtIA,bike tour 4k,channel_search
UCcLju7q2W2aT4LGjZEVa-Ug,shopping mall walk,channel_search
UCcM4Q-2C2FZslwELMm9_6eQ,shopping mall walk,channel_search
UCcQ6RGgNb9j4NSO-_Bj-3iQ,walking tour 4k,channel_search
UCcRP7y6KElA1I5yhXhANN2Q,shopping mall walk,channel_search
UCcTUt3W0YHGiSbyicULnAHg,shopping mall walk,channel_search
UCcW8p0-9aslcYZSsDwnWLSA,walking tour 4k,channel_search
UCcZy61NUHcskquK2tv1VqMw,shopping mall walk,channel_search
UCcdKjwIIU2yUe5hilFQYerw,driving tour 4k,channel_search
UCcdekOuInajGj--Twqg6gsA,bike tour 4k,channel_search
UCchd7QZZMWnK8n4YenZumqg,shopping mall walk,channel_search
UCcj1xIJFAnE5PqcFxMjdN2A,driving tour 4k,channel_search
UCclBuX5MFs-pohe3EY0EFCw,shopping mall walk,channel_search
UCclTIrfoQ_Il8JIjGgWraEQ,driving tour 4k,channel_search
UCcllQnmB4x4OPhcXbCwA6dA,walking tour 4k,channel_search
UCcoSsiKsH1nyPKFpG_23UBg,shopping mall walk,channel_search
UCcrCCnDKUnHunvrVI8A5pqQ,bike tour 4k,channel_search
UCctF_hzCE_5_ViM4zIgq5jA,walking tour 4k,channel_search
UCcziVQSpa_c1msg2lqRXMQA,shopping mall walk,channel_search
UCd-NzO5NN9P2NzRUDEiM0aA,driving tour 4k,channel_search
UCd2VU6cM18DKGsbNPikHttQ,bike tour 4k,channel_search
UCd3_TiXrb6TKjKGiH_obJcg,shopping mall walk,channel_search
UCdAjIOP7QUCeG_qe0ZAVUPA,driving tour 4k,channel_search
UCdI1Uwug1zvUGm_lBSpozPw,driving tour 4k,channel_search
UCdK0whns3gWW-j6_rH0pLYA,driving tour 4k,channel_search
UCdRl36gptnXrOnhb641RWQg,walking tour 4k,channel_search
UCdTYHWZxFcahNuY75KtltXA,walking tour 4k,channel_search
UCdTup4kK7Ze08KYp7ReiuMw,bike tour 4k,channel_search
UCdUyH5hW9c1Ie5CcbOpSphA,shopping mall walk,channel_search
UCdd96OmV_0hpP8W9t4gcF0w,bike tour 4k,channel_search
UCdgYcJTlbq3s798MPWsWxpQ,shopping mall walk,video_search
UCdiRcODlZiT3Oen1XOvPeAg,shopping mall walk,channel_search
UCdm-P2bUSeBMbmOZ6Hw3YOg,shopping mall walk,channel_search
UCdpoRRx1LbjQ4-kXgduQq1A,driving tour 4k,channel_search
UCdqiIbSY7Wi8wlrP_6zHEag,shopping mall walk,channel_search
UCdsam29coXmibNEncaW1ZhA,shopping mall walk,channel_search
UCduQFIoSFEGI1XRBVD6RV4w,driving tour 4k,channel_search
UCduYJQLkxzUopvEOiyeqXYw,shopping mall walk,video_search
UCdugCecqWS4quWjWrh-w6jA,shopping mall walk,channel_search
UCdvPmSwWRqDqsdmOo6dVOMQ,shopping mall walk,channel_search
UCdx1bMCtLqhomAnwPB46GvQ,walking tour 4k,channel_search
UCe-PDAVlbTiy8ZlYiZ1TKXg,walking tour 4k,channel_search
UCe2RUF85tJRN-nG0_3OYg-A,driving tour 4k,channel_search
UCe2ojSyFbdkahgwJWN9MHnA,driving tour 4k,channel_search
UCe2z_yHZVodl5K0HJaaxAWg,walking tour 4k,channel_search
UCeApjhvo4nflC-wzJckJ6XQ,driving tour 4k,channel_search
UCeD7A9AzPDnPAmWwHMjFUNQ,driving tour 4k,channel_search
UCeJwzhhlFYIJgin8GKgBDig,driving tour 4k,channel_search
UCeOQRkzxADUapCeONxhQf2Q,shopping mall walk,channel_search
UCePICuOLcWmxf4GvhhQ_Ztg,shopping mall walk,channel_search
UCePc3oh2NSq-Lp18ZLUpXcQ,driving tour 4k,channel_search
UCeUlOyotJR8KTycqU8YVkHg,walking tour 4k,channel_search
UCeUt3hcUCGymgqPPy5r-qjQ,driving tour 4k,channel_search
UCeZzSsW9HdpsSYAYf8NQC9w,walking tour 4k,channel_search
UCechqKgSHJf0JHhsu7dzPrg,driving tour 4k,channel_search
UCeldhl2LRQRMz0bLSvGMYNg,walking tour 4k,video_search
UCen3NeQGtCfJV5rTJW03NNw,shopping mall walk,channel_search
UCenX4o2kui0sq99CLX8wP_w,driving tour 4k,channel_search
UCenx6acCN8WkIXXrm9QZcTg,walking tour 4k,channel_search
UCep2c9XIViQGiaPMy3u_pQg,walking tour 4k,channel_search
UCeuLwuQE8SV7WYFAOoIiI1A,shopping mall walk,channel_search
UCf4j-woz1ja7MXvwUNJKTzw,walking tour 4k,channel_search
UCfIXxu8QNqpbXBzKyuGWcEQ,bike tour 4k,channel_search
UCfLubObpZqrAkJF45vfDfiA,walking tour 4k,channel_search
UCfPmYQvrrPTur1BA-2f-tJg,walking tour 4k,channel_search
UCfRRRbr5hkcN4i1sR0zVk8w,shopping mall walk,channel_search
UCfU2X_rOIXA-t0A8KgwmHOQ,city walk 4k,channel_search
UCfXbMLp8PnoQoTBrq7Sc9jQ,shopping mall walk,channel_search
UCfYEMAn9IfiGLUGstvnzpUw,shopping mall walk,channel_search
UCfacK-zIhRQELCqILrvJksw,shopping mall walk,video_search
UCfi6oSHkycucLxoKxZSLvUg,bike tour 4k,channel_search
UCfjUMbBarkmvXC8ZIS7oU8Q,shopping mall walk,channel_search
UCfkvnhX6iSZsoSmU-2HUGBA,shopping mall walk,channel_search
UCfrSErd8sAxV1xxjMRdH_JA,shopping mall walk,channel_search
UCftlfZWI9SEg42WfWgnBHxg,shopping mall walk,channel_search
UCfwPNcxU_5Y7tDwXwAwP0aQ,driving tour 4k,channel_search
UCg1CahzesTABR5fg9xIc3_g,shopping mall walk,channel_search
UCg2wq2PMnbDUHFpMd1j-upg,bike tour 4k,channel_search
UCg72Hd6UZAgPBAUZplnmPMQ,driving tour 4k,video_search
UCg7KkpaJpte3nezUTzryD1g,shopping mall walk,channel_search
UCg9apTajSAuyjjNxeOD4K2A,shopping mall walk,channel_search
UCgBPXZ2vaVa8_uPdX9FV06Q,walking tour 4k,channel_search
UCgHl9nzTcLTXt5fELu-lo0Q,walking tour 4k,channel_search
UCgIph7McFfIP6XcLMucUBVA,shopping mall walk,channel_search
UCgLmNRNxGyOVoBR-HXSichQ,driving tour 4k,channel_search
UCgOLzF58dm1JbP1ATJ5zQ-A,shopping mall walk,channel_search
UCgRfTfQpKGgoUaufaMpNi5A,shopping mall walk,channel_search
UCgRg_uPpNXzJnOUF_l58kUQ,bike tour 4k,channel_search
UCgWEtcrMzVRGUjm9n-oQFpw,city walk 4k,channel_search
UCgWVEfeo2ovM1yA0jLeNirg,walking tour 4k,channel_search
UCggd_qNlq8-VpVYmYk_IVtg,driving tour 4k,channel_search
UCgir0GSoy1_pBOH-tl1JJSA,walking tour 4k,channel_search
UCgmwc6-OwK-AWj9QJaBGNdQ,shopping mall walk,channel_search
UCgoP8r0KyJi1hmCbkBe2AOw,bike tour 4k,channel_search
UCgsVq9xwRm8ggqYwM763DDQ,walking tour 4k,channel_search
UCh1Ni-Vb6HOADcGz9-m3z3w,driving tour 4k,channel_search
UCh6k1HwBN3gex5oLBn6lNlQ,bike tour 4k,channel_search
UChBBCAjwB_AlV-_iylr7q9A,shopping mall walk,channel_search
UChBsxapNm9SmeNCGs96SeLQ,city walk 4k,channel_search
UChCbHqkQ69-q38ZjRG3ZfFg,bike tour 4k,channel_search
UChCrErIEGXsa-tK99nB9n8Q,driving tour 4k,channel_search
UChDYav5xQh3SA62KBTNeqWw,shopping mall walk,channel_search
UChE0PV9fUDYG4bS4PGXV3Mw,shopping mall walk,channel_search
UChEfFlNhti_iGOmfY8Svnvw,shopping mall walk,channel_search
UChIAgBOvFv2q0FnIRCDWFsg,shopping mall walk,channel_search
UChIzsEyq3GBn3YbTVubbPXg,walking tour 4k,channel_search
UChNE50A3sIUAzVgujVCUapQ,shopping mall walk,channel_search
UChQ-KJU06nnZ6yRwN4xxOpw,driving tour 4k,channel_search
UChSbhIvZ739cmzUJosqo4Hg,city walk 4k,channel_search
UChZRSSu7Sw6xNE2sce5g1mw,bike tour 4k,channel_search
UChaQ6H8J3gONUSirB1bNLKw,city walk 4k,channel_search
UCheEdH_arlMcHLL--rNUJwg,bike tour 4k,channel_search
UChfpG0Usp0gHx4bDjqdgTeQ,walking tour 4k,channel_search
UChhTjII3C37f8pK-iu23NGw,driving tour 4k,channel_search
UChhXS4G_Sv2tFr3WFyI968w,shopping mall walk,channel_search
UChlEGn9HlBGv43nDBI3Ysyg,driving tour 4k,channel_search
UChlk6ZI6MhSdIP0zmgv9bFw,shopping mall walk,channel_search
UChog-NMCn7hBckw0hh_a0SQ,bike tour 4k,channel_search
UChuDLmPSPMJOLxU-4eW-lTQ,city walk 4k,channel_search
UChv-PKE6pHFl7QwM8ztkQqg,walking tour 4k,channel_search
UChz1PJAf9y0YrbHNG4kztLA,driving tour 4k,channel_search
UCi0j6e3VX3feNu0o703UzCg,walking tour 4k,channel_search
UCi43FtN2-JYh2wO3zGBRupg,driving tour 4k,channel_search
UCi5kDeXSflrMPoXk43XBvvg,driving tour 4k,channel_search
UCi6-XcFGnFYATPUwfRZn-kQ,shopping mall walk,channel_search
UCi6Pf98yU4_LH0Lya1cUrYQ,bike tour 4k,channel_search
UCi7FRoyvSUrFmQynF41XEJg,shopping mall walk,channel_search
UCi8pJEzg93mZOxNjboKj97g,shopping mall walk,channel_search
UCi9CrdeFeawNiRXuY0VgFCg,bike tour 4k,channel_search
UCiAwiyul3YOwowu3MtwYj_Q,shopping mall walk,channel_search
UCiJjAkmV-3w-ddMBp_Jxyug,bike tour 4k,channel_search
UCiKggV3uLiMFb7bwbIkwr1w,shopping mall walk,channel_search
UCiKxOSTKnwElBh2hmZekXBQ,shopping mall walk,channel_search
UCiN4rF5XL_fKYOZkGKtdaMQ,walking tour 4k,channel_search
UCiNRCPWJHyCPb87r162SC3w,walking tour 4k,channel_search
UCiPHV_LmEQAloFgSFQ02t8g,bike tour 4k,channel_search
UCiQaazMEae5wSQoMC02vDuQ,driving tour 4k,channel_search
UCiVH7ncT6ghUKvSpY_e0DNQ,walking tour 4k,channel_search
UCiVSJutRI7WdDuXV93fRWvA,walking tour 4k,channel_search
UCiW8NERmFBX4QQYuvkfyvyg,driving tour 4k,channel_search
UCiZirtHtUXYnYqmTqqF8CSA,bike tour 4k,channel_search
UCibKlyvmFpEamYkQIHQkB-A,shopping mall walk,channel_search
UCibySSNQAv9hBrR50PRuhwg,driving tour 4k,channel_search
UCicTDuZSdfOALnYTeYvnhUw,shopping mall walk,channel_search
UCigVnHmHVZIe3plXKhPkoyg,bike tour 4k,channel_search
UCihxeO5AWPYNdhAvG3NMUjA,driving tour 4k,channel_search
UCiodCxT4F3QMy7-WcIc7-bw,driving tour 4k,channel_search
UCirQPuUOKCPQ1ffyIskfVQQ,shopping mall walk,channel_search
UCixQCFN6EWJLihETPQNSqIQ,shopping mall walk,channel_search
UCj0VQx_rJuOM8JAeV4tiQ_w,driving tour 4k,channel_search
UCj64TP3UmAVkj_Olx4XX6LQ,walking tour 4k,channel_search
UCj6YUwR3lJu_DjbyXhC-rPQ,walking tour 4k,channel_search
UCjDwVVwD5OfWa4zLFKP7C6w,walking tour 4k,channel_search
UCjECPqGHtmjblVZH2-np9Fg,shopping mall walk,channel_search
UCjFIjBN3AaGumdghAUYdPbA,shopping mall walk,channel_search
UCjHxu2ws3EijkXFlRQ_azBQ,driving tour 4k,channel_search
UCjISTVJqbvsM3k9FwnZsANw,bike tour 4k,channel_search
UCjO5xo5dD9Q6H9i50UveZqA,shopping mall walk,channel_search
UCjYn7e5sGj4wQbZTuAjXvHw,shopping mall walk,channel_search
UCjeZew7IHuRolaMskBJZ-fg,driving tour 4k,channel_search
UCjf9PvaG0mhJDCQQXviatYg,walking tour 4k,channel_search
UCjfciUxB1yhhP_OlZ3CD44g,driving tour 4k,channel_search
UCjfmzLnWPieQAQNo4jcxwrA,bike tour 4k,channel_search
UCjm7-LNOABUEaXeB90LmrmQ,bike tour 4k,channel_search
UCjuRzqczoTyBI4I4V7glyZQ,walking tour 4k,channel_search
UCjueud5DeSueY9YobsnNHBA,walking tour 4k,channel_search
UCjyfr2S3y9BIFXVWerFxNWQ,shopping mall walk,channel_search
UCjzDUARwC3yo_6z9OzDuAzA,driving tour 4k,channel_search
UCk66gOye84aWLz76Qkc5dHg,bike tour 4k,channel_search
UCkFvWwIjSFzDMa_Sr7hWXaw,driving tour 4k,channel_search
UCkLbSq5Tov0N6yH6zAX3g7g,bike tour 4k,channel_search
UCkT-z2sAqgmY37edG5n_02Q,shopping mall walk,channel_search
UCkX2iebpchT54rES_Sv01AA,bike tour 4k,channel_search
UCkcNUKNEB0BJgZk9jIdI6OQ,walking tour 4k,channel_search
UCkeVVgoH14AHfXveLg2SWsQ,shopping mall walk,channel_search
UCkn1Ww1ALX5n5nvZIbHJUgA,bike tour 4k,channel_search
UCko097VBUlDAjEyA_vWvwVw,walking tour 4k,channel_search
UCkr8MpK3-ijKPXpdu2MwQDw,driving tour 4k,channel_search
UCkw_FzikMhq10z2uTFJXW2A,shopping mall walk,channel_search
UCl127AQQfhbXtxq57Rblr-g,driving tour 4k,channel_search
UCl1cMfJIlirgAADjgt_t8zA,walking tour 4k,channel_search
UCl4UiWVuMRwlIJ_2W-I35Ug,bike tour 4k,channel_search
UCl6-n7SwlzAVw3zuuw4u2ig,shopping mall walk,channel_search
UCl7BHHWjb1FH13tj5POWj_A,bike tour 4k,video_search
UCl9CI-dQlxZ8PJhj7UvMLdw,shopping mall walk,channel_search
UClCQNQ4cet__6yaQRIDvhvA,driving tour 4k,channel_search
UClEnuAPl8K3B8bDL54GepTQ,bike tour 4k,channel_search
UClF39E-gpaFR02ar_7-JH3Q,shopping mall walk,channel_search
UClF4AYTnFrqN8bkPWi_-udg,shopping mall walk,channel_search
UClGpphXqZPXrB9NDs9UsO_w,bike tour 4k,channel_search
UClNBfGVJAOFSYpljjZq9Z6Q,walking tour 4k,channel_search
UClOUNA5GmQ36nFNE6X7vQwg,driving tour 4k,channel_search
UClXeZKULmE8QbvxwEArc7hw,shopping mall walk,channel_search
UClZsJmEGhJvEiC0ZWKgIgXg,bike tour 4k,channel_search
UClcy2DW24ADkdhM12-NOzPw,driving tour 4k,channel_search
UCld6aD65ETWBE2IhIFtlgfw,driving tour 4k,channel_search
UCleHvl3OvArsO7BSP5QRPCg,driving tour 4k,channel_search
UClgFhQhHwHL9wFN2k6oXZGQ,shopping mall walk,channel_search
UClko_CA4DsN5PzbW_OmTYtw,shopping mall walk,channel_search
UCltDIHG0oXSIrpgP7i7ke_A,driving tour 4k,channel_search
UClxr879Lg7LW4ws2qnce4ow,shopping mall walk,channel_search
UCm0PD4haW_kna2Z-esdGQTA,driving tour 4k,channel_search
UCm0kxZCrzThwliSPYLUd16g,shopping mall walk,channel_search
UCm1iJVeXche96h1wy5WxP8Q,shopping mall walk,channel_search
UCm8Urq_HBC_FqlVXnj1S7sQ,shopping mall walk,channel_search
UCm974CDdr9VW5cfR3kDIqmA,walking tour 4k,channel_search
UCm9f0R2LglRzvlAVb-6cwLw,shopping mall walk,channel_search
UCmDEcX_-TKvMv4Bt9NgTFug,walking tour 4k,channel_search
UCmFy_VhtzhtKphN-_m56bnA,driving tour 4k,channel_search
UCmJ9XbDtL23D53ui101USBQ,walking tour 4k,channel_search
UCmLKaHIZqVpAeQCayN9GZpw,walking tour 4k,video_search
UCmUXQ9TkiKXJLJKCLPvAskw,driving tour 4k,channel_search
UCmXCfCIPVKtQqKsnT69XXOg,bike tour 4k,channel_search
UCm_JJH2ZJL5EZufutQkc1ZQ,bike tour 4k,channel_search
UCmagJLkD03eREUZyv6wBEEw,shopping mall walk,channel_search
UCmdBuSE2p8A-38MHvee528g,shopping mall walk,channel_search
UCmgpuG7vesSScttlhSmJt7w,bike tour 4k,channel_search
UCmiSpyeI0QUlIqRJreJ-bfw,driving tour 4k,channel_search
UCmt9k0ACcw6kS8ZfW4vcvDQ,bike tour 4k,channel_search
UCmuGXvGTHnOdZzMMF3Ffofg,shopping mall walk,channel_search
UCn-HpE8MUGIOYq-Algy8MrA,driving tour 4k,channel_search
UCn0FWnt1O25rbAtgj_QuTfA,city walk 4k,channel_search
UCn2YnnD2g33upkbSMkQK-Bw,walking tour 4k,channel_search
UCn4K4ZJ8EcAqI_hfulPYpNg,walking tour 4k,channel_search
UCn4dVycAYRC2ajoAknJC0IQ,shopping mall walk,channel_search
UCn5TJx2pONnTIeB9LzdqPzQ,shopping mall walk,channel_search
UCn5ozw8qmFItvZWNOp3felA,shopping mall walk,channel_search
UCn9FzlHIj0yCJs0lVeP-ndQ,bike tour 4k,channel_search
UCn9Sy5xQttDp_a5NYf1M_Uw,driving tour 4k,channel_search
UCn9gyxam9bOpZLS-Nz925mw,bike tour 4k,channel_search
UCnAqJCGXXAPPnxP7r_M4FsA,driving tour 4k,channel_search
UCnI6xNdILPJRamYE1VuN8TA,bike tour 4k,channel_search
UCnIsi08LQyYlqsi_t4uyjtQ,shopping mall walk,channel_search
UCnKS7-Q5uy0qVBicIi89XQQ,driving tour 4k,channel_search
UCnODsMthEUVnqFSisw8E4ow,shopping mall walk,channel_search
UCnVMkgvrwDs4lOYhl5m64qw,shopping mall walk,video_search
UCnVT57XcUNFVPRH23SBgyEg,driving tour 4k,channel_search
UCnX4TNBFUxNjNSHu2IQB4Ew,walking tour 4k,channel_search
UCnhId1M3Ia1Kq9eiLiTH42Q,bike tour 4k,channel_search
UCnincUHnOnF-TwAA4T52DBg,bike tour 4k,channel_search
UCnkZP3vYkp7g5mv5eFt9wSw,shopping mall walk,channel_search
UCnmjMvMphPE-X7RJ44HblHA,shopping mall walk,channel_search
UCnn00LcOevDIq77W8IYskcA,driving tour 4k,channel_search
UCnnaBfMjwXX0X2MImQgmeKA,walking tour 4k,channel_search
UCnoTEhEafAsw4GrYQwP-b2g,shopping mall walk,channel_search
UCnrhC8qnOGVR56IbH9GsFrA,driving tour 4k,channel_search
UCnvLGayHxWh5YZjpJjZ6WRg,walking tour 4k,video_search
UCnvP1Bq0NGeRMrhHhGgVmWg,shopping mall walk,channel_search
UCnwNQHBYje8V0eZXlWk4YZQ,shopping mall walk,channel_search
UCnxLB0XPPjHJdQTEm8XGNJg,shopping mall walk,channel_search
UCnxMTFjdXUzSJI2uAFLmqtQ,bike tour 4k,channel_search
UCnz4r92S9bHMSErLkK6rGWA,shopping mall walk,channel_search
UCoJ4S1uHtDh9vVxj0tutV-g,city walk 4k,channel_search
UCoMtxoVrgX0jqi5iBWY8dyA,shopping mall walk,channel_search
UCoMw1AWyiQpmR9g4Wz1yg8Q,driving tour 4k,channel_search
UCoTYFJFJHdw437cChLSFSvA,shopping mall walk,channel_search
UCoTqmUovLVRCiAkxVGJFTCg,walking tour 4k,channel_search
UCoU6dUN9DZfNlMeEK5i8wOA,bike tour 4k,channel_search
UCoXm66ArnAYGC0SCItOb2Tg,walking tour 4k,channel_search
UCo_l3cv8YK9QwxhcBCPAopA,shopping mall walk,channel_search
UCod7TPQ5oyd8NpCECg1qHIA,bike tour 4k,channel_search
UCogNr3R3aYGtETaKDg-5rtA,bike tour 4k,channel_search
UCojbgHI9dPXvCtia_XeoGzQ,walking tour 4k,channel_search
UComWKgq-c4Ud3JU6IWW3a3A,shopping mall walk,channel_search
UConLiHbrAG_wcJqK7ZYZVMA,shopping mall walk,channel_search
UCos4PeAGQzZAHAppLpfKqBg,shopping mall walk,channel_search
UCoyWV29tYZNn8AxirSXRGyQ,shopping mall walk,channel_search
UCozcHaDuLGtsWxeS-jNeJYg,walking tour 4k,channel_search
UCp4zQlEyN0gqe6AFpKWgHtQ,bike tour 4k,channel_search
UCp8R4p2QAUxeIxSnwyUL9uw,driving tour 4k,channel_search
UCpDkSEqRozM-R5nRkQj4OSQ,shopping mall walk,channel_search
UCpFAum9P9gKXwZ9uiqjyIMA,driving tour 4k,channel_search
UCpKKop36DzvxV0F8zFyOBNQ,shopping mall walk,channel_search
UCpOKSIUBzR30OWNy-AfwvQA,walking tour 4k,channel_search
UCpOQcpgX02I6yY40Xp2aedQ,bike tour 4k,channel_search
UCpQiZHg9WRHD09czNgFk0iw,shopping mall walk,video_search
UCpTOIvcQXH2VI1p5v-aGrdg,shopping mall walk,channel_search
UCpW2fntE2VOGjsKKw8Rw4Pg,walking tour 4k,channel_search
UCpWBDOu5CJAtdcAIadkYkXw,shopping mall walk,video_search
UCp_U8xBLH8lsjo4GBsGd19g,walking tour 4k,channel_search
UCpdrcuneJp0G2MiTyyeM78A,bike tour 4k,channel_search
UCpeNbzZm2hl16B1ffiIABdg,shopping mall walk,channel_search
UCpebStHUBS1qJgjcF1gfykw,bike tour 4k,channel_search
UCpfjiRrnA1BYXiLHgJtLJSw,bike tour 4k,channel_search
UCpfzCUu57kiTMO-scYh6PVQ,walking tour 4k,channel_search
UCphdsd2ZPdANgDgx44od1Rw,shopping mall walk,channel_search
UCplagnKwYO00sGapxWmb8PQ,walking tour 4k,channel_search
UCpm0rcX6L791ZYpgmFIJ8jg,shopping mall walk,channel_search
UCpp5fMfLI0N-kgVJ7t2b2XA,driving tour 4k,channel_search
UCpw8ZudbxklOi73pWeI6s9A,shopping mall walk,channel_search
UCpy9NBGKRKWOJ7xcSGrYNaQ,shopping mall walk,channel_search
UCpyA4I4JFuWvwh721kK5dkQ,driving tour 4k,channel_search
UCq4IfDUtdKJ71lPR2Ax9jsQ,shopping mall walk,video_search
UCq7fNbe5HG5xOdUfnuA7Ggw,driving tour 4k,channel_search
UCq82cRKsLquZym_s-6LEHLA,bike tour 4k,channel_search
UCq8QA_62PxbZgqgJWtFgK0Q,driving tour 4k,channel_search
UCqAVX40G1nVdeIuwQ7-PLmg,driving tour 4k,channel_search
UCqGf6BN80YjRjRXUb9l9idA,driving tour 4k,channel_search
UCqOHXPx6hUhJQldrGd1extg,walking tour 4k,channel_search
UCqZEzBbIRMtNYzEY8spbAhA,bike tour 4k,channel_search
UCqZcUrfZAxIEefPfqZ2R42Q,driving tour 4k,channel_search
UCqaDrjL53tHKUgFQIdVEX_A,shopping mall walk,channel_search
UCql-lKsJ6rdGye5vFz4tmfg,bike tour 4k,channel_search
UCqnSiXji3wc5mfNpaMLf7vA,walking tour 4k,channel_search
UCqttLyiAruC9L5th-VNz5iw,bike tour 4k,channel_search
UCqtvtIWuk0W6P0B1JlKeblg,driving tour 4k,channel_search
UCquxlwuRJAPcGy8QMxttVCw,walking tour 4k,channel_search
UCqw4DYVAV1UgnXmdle7KO6w,bike tour 4k,channel_search
UCrQ9poIxYhjo7FQq7U_4Jjw,bike tour 4k,channel_search
UCrRLUG55YhF1nDA2HpqLmSw,shopping mall walk,channel_search
UCrRt-xdstGjGPO6s4nt7Tsg,shopping mall walk,channel_search
UCrSSvXR25m5Ayp8U7y0qjsg,shopping mall walk,channel_search
UCretC44u-zZ9MHkjPsTwZwg,shopping mall walk,video_search
UCrgdHKHnUISOFp_i3iAV6Kw,shopping mall walk,channel_search
UCrl2OglX4gX3sKxYgAo8R3Q,bike tour 4k,channel_search
UCroifHYXVFCQv8sXuAxayMA,bike tour 4k,channel_search
UCrooeYfaV3dsATbUeG2Gw3Q,driving tour 4k,channel_search
UCrri7BFkTyO6YvYznmHDovQ,driving tour 4k,channel_search
UCrtjb5IugbgeM-hq4LabtaA,walking tour 4k,channel_search
UCrutJ7WcxMTI9JwqfT0YTUg,bike tour 4k,channel_search
UCrvJUOH_d_O6rC1niHZgZ2w,bike tour 4k,channel_search
UCrwB7a8hot5i0F3OE7Qn3lg,city walk 4k,channel_search
UCryJOPIdSuTru6gMFND2UoQ,driving tour 4k,channel_search
UCs-3SXQT5XqJfePsbsveBfA,driving tour 4k,channel_search
UCs450WInNVHCCBiqtLI0b-g,driving tour 4k,channel_search
UCs4AQQ1XQUdH4vy2KhJWbqw,driving tour 4k,channel_search
UCs4LBDXLX9C04tYAib883zw,shopping mall walk,channel_search
UCs5ypZDXpCBy-ehQ7hwuPpQ,bike tour 4k,channel_search
UCsDiAJEp7MCI8U5AogXd35w,shopping mall walk,channel_search
UCsEJm3OyxjhpvuEPLJoxunA,bike tour 4k,channel_search
UCsExLep0HDO05MTJVvcvx4g,shopping mall walk,channel_search
UCsRym4vFqxMz9CjH0GlF9dA,walking tour 4k,channel_search
UCsTNXi7kRLYHEaeZQSBWkXw,shopping mall walk,channel_search
UCsUkCACPCOuTm_nKvbAtJRQ,driving tour 4k,channel_search
UCsaHEEyZCmdiMcl1e_KPkXg,driving tour 4k,channel_search
UCsg5dpyOnRRlpXfhL-bR6fw,driving tour 4k,channel_search
UCsgP_01mZUsNS4F-WzQJ-LA,driving tour 4k,channel_search
UCsg_Ad7tw5JYWH1fK95xPvw,shopping mall walk,channel_search
UCsh4Ve-AjObYOV7f2GycLjg,bike tour 4k,channel_search
UCsl-lBHK3nuLwnMhWsW-Y4w,shopping mall walk,channel_search
UCsni1BLbh8VkfdUU3vDTuPA,driving tour 4k,channel_search
UCsoTtBb50aAgS4auss2vAow,shopping mall walk,channel_search
UCspT7Qt_DpZDyUBcrrk9t9A,shopping mall walk,channel_search
UCsu4PT0jkgBtBLecQicXmYw,bike tour 4k,channel_search
UCsuaoQ2UjlQ5ZSX2fftaMww,bike tour 4k,channel_search
UCswwGjVU7DGmuX2U13hy1pA,shopping mall walk,channel_search
UCsxlleLXDsA5ylpuGFL3-ww,driving tour 4k,channel_search
UCt0L5i5dQ8tA3vruykGTZkQ,walking tour 4k,channel_search
UCt0_bJMRyQ3ONLuWK_cwXdA,shopping mall walk,channel_search
UCt6ZA3f5EYktWEBUnwB_u9Q,shopping mall walk,channel_search
UCtABe4CZX9R1PqzsfV9bXLg,shopping mall walk,channel_search
UCtAJ6gP0Ada0yA2bzrk2Pvg,shopping mall walk,channel_search
UCtCeG4Nwxa7hXmrlqHw_Y3Q,driving tour 4k,channel_search
UCtDpVgWSvGIde9Fl3LXYybQ,driving tour 4k,channel_search
UCtFiFZD2NdW_U40U5Wz_ksw,driving tour 4k,channel_search
UCtHO6tDxCZXdPygxbZxkuZQ,shopping mall walk,channel_search
UCtI7M0V-YIuhjITfc-iu4fg,shopping mall walk,channel_search
UCtKkYdBTx67A7eY2w_sKXGg,shopping mall walk,channel_search
UCtOwHbyHt2ZBkpnKo3eWJcQ,shopping mall walk,channel_search
UCtQvjL9YPGn5rb9zwGYlbdw,walking tour 4k,channel_search
UCtTb4W6F8Iqa7nb08h4j2Ag,walking tour 4k,channel_search
UCtczzSQeukwJQY8LAZnXj0g,driving tour 4k,channel_search
UCtd-ieXzLkM9AbJdMjSz0Wg,shopping mall walk,channel_search
UCtf9cFBJkHVAf2qMqF01xYg,bike tour 4k,channel_search
UCtfLKrcBP9K9Z339SGendGg,walking tour 4k,channel_search
UCtfgxLXp_KHywtBGiiriBzA,shopping mall walk,channel_search
UCtgdolKQH1lypB4gZvfoLHw,shopping mall walk,channel_search
UCtgyALpQI6XFDaafhg56GvQ,shopping mall walk,channel_search
UCtkHvbgbJrm1ef7pYGsJ_ow,driving tour 4k,channel_search
UCtko4uMYFsy9GfUmxdxBRdA,walking tour 4k,channel_search
UCtm9TEwIR-pVXcbPjtnSYzg,bike tour 4k,channel_search
UCttJqjHbyeFNdAwuveXMB0A,bike tour 4k,channel_search
UCtxdfwb9wfkoGocVUAJ-Bmg,driving tour 4k,channel_search
UCu0mP8Tu02RoO8QndTdXNfA,shopping mall walk,channel_search
UCu4mPu14SQsWGbjgsY6SXdQ,city walk 4k,channel_search
UCuEKZlESh6FVjoLhJx2g0Tg,shopping mall walk,channel_search
UCuFMLAT_O78BhNu2C6f6lzw,bike tour 4k,channel_search
UCuLVZHYvpSLPVXnJn_ZNOkQ,shopping mall walk,channel_search
UCuSyKw2K8Cwq9IpL6nPDpIQ,walking tour 4k,channel_search
UCuVH3CbAmHBfHYjjSGighuw,bike tour 4k,channel_search
UCuZOSGijPZJtHBuJeaXfLYg,shopping mall walk,channel_search
UCuaPQWTUu-Kj5n0JDcm0BTg,bike tour 4k,channel_search
UCug7js7WlYNk8S4QzHv-Mow,bike tour 4k,channel_search
UCujggBjyHT04YLKsNwu58og,bike tour 4k,channel_search
UCum6kyIPfL6qg7wHSFf5mwA,driving tour 4k,channel_search
UCumk5L0gBVdzAQ8OstBGAzA,driving tour 4k,channel_search
UCupm7-D8QsZ01GX3kkbz_Yg,shopping mall walk,channel_search
UCuqZijxg098YgZyze5c6NMw,bike tour 4k,channel_search
UCuvyhe0NU_CzfYDKsdiGB_Q,walking tour 4k,channel_search
UCv0Z5Jdpc-SPa3UtAMNi5pA,bike tour 4k,channel_search
UCv1XOBxTJyxPvYEp-O7q3kw,walking tour 4k,channel_search
UCv2D8pxqc3wkJHGH4-ibYgA,driving tour 4k,channel_search
UCv4_-EfetdA97dMAhJAiHdg,shopping mall walk,channel_search
UCv67Cs7qFprQr79SWLdWnwg,walking tour 4k,channel_search
UCv6x4ZlfJBSQ6Y2bYLbJ4og,walking tour 4k,channel_search
UCv8p6QCCaZYxMIcVz0K55Iw,bike tour 4k,channel_search
UCvABsdrPfHAKiDytIFscVrQ,driving tour 4k,channel_search
UCvCYa7QSe_8nO3d-zDSwHMg,walking tour 4k,channel_search
UCvFBBcfh50nF5IXOsg5OiPQ,driving tour 4k,channel_search
UCvIErI_Q4bPVkARhkv3CMow,bike tour 4k,channel_search
UCvJRKPCy7iHmP0MDwiERD5w,shopping mall walk,channel_search
UCvMcKElA_pHKZWstySFmArQ,bike tour 4k,channel_search
UCvOdeThow304h9eJ-uFslnQ,walking tour 4k,channel_search
UCvOj4urZnGr6rfxA1kzCKOA,walking tour 4k,channel_search
UCvRd4BAAnr8FCB3171E9Otw,driving tour 4k,channel_search
UCvSPojsm0ja4hk7QcrMkWbA,driving tour 4k,channel_search
UCvTlFASlvVcpojcPpKwisiA,driving tour 4k,channel_search
UCvTr0jNqE1zrxMNC4JB3Zyw,city walk 4k,channel_search
UCvUiKGjlRrMbvQDlCD0Xdew,driving tour 4k,channel_search
UCvcFOpZwnaQAf7f4-e3ZXBQ,walking tour 4k,channel_search
UCvcdn4o3l-lyJeyv89yzZaA,walking tour 4k,channel_search
UCvjQ6T4UVrZS0aHNIZWRSSg,walking tour 4k,channel_search
UCvsHg6Oz8uy846L5I1_mIGg,walking tour 4k,channel_search
UCvu2kAXqUZ2oUbcEOTT1uUg,bike tour 4k,channel_search
UCvwkTZorYHJ2inWnxrdnE8g,driving tour 4k,channel_search
UCvxPDeaDkQtdxP4HeUu-HCw,bike tour 4k,channel_search
UCw08ER1S6mrydJSVn81THlA,shopping mall walk,channel_search
UCw6hkQrMKdfM3S_eu7P1XHQ,bike tour 4k,channel_search
UCwFCljLOGV24CBp9PusrzTA,walking tour 4k,channel_search
UCwI-cyRE0k-0CJzOdL9A5Hw,bike tour 4k,channel_search
UCwJx4rdE6s1ll8faVyXZZGQ,driving tour 4k,channel_search
UCwPXin4OZIF82n7hxSq1EeA,shopping mall walk,channel_search
UCwQOiRZBVv8rpven2ovU-Sg,bike tour 4k,channel_search
UCwTNTlqpS7CrhrcG1brzPHg,bike tour 4k,channel_search
UCwXVmb1NfY4qim_vYMbXZ6Q,walking tour 4k,channel_search
UCwYF-5swZcaaJmyGr-wtj5Q,driving tour 4k,channel_search
UCw_5GAgepAnQm0b9GGmoKag,bike tour 4k,channel_search
UCwgeyn-IJDlYAwG9Ytq1AdQ,shopping mall walk,channel_search
UCwiW3gUtsITUS6rjMNHTUtw,driving tour 4k,channel_search
UCwivAqc3tPrvbionZl5SjJQ,shopping mall walk,video_search
UCwm1mDYY2WCaqCKdwDtnWwA,bike tour 4k,channel_search
UCwsYhc9Ks53TWdDjrCgz47g,walking tour 4k,channel_search
UCwsjrSWqxLdcZrd9xVpmxog,shopping mall walk,channel_search
UCwvnxcq_8KNN1gwPpTegozA,shopping mall walk,channel_search
UCwvzvM48V6a1Knw7_w4lWjA,walking tour 4k,channel_search
UCwzE6FRUCBqiuRw5WmXC3vQ,shopping mall walk,channel_search
UCwzqt2tKzT8aCO5GTTLSXug,walking tour 4k,channel_search
UCx0PIbU5GlBirAmYakKKpGA,shopping mall walk,channel_search
UCx1iJ8gcds_waB9m5rv6ukQ,driving tour 4k,channel_search
UCx1qSspDjLl_P1nYVM_unnA,bike tour 4k,channel_search
UCx2EWohT4jgjUpWLAASKjeQ,driving tour 4k,channel_search
UCx3qi3CieaF5aUAiDMckpsQ,driving tour 4k,channel_search
UCx3zg-Y0DzwAsdABLJSqXxw,shopping mall walk,channel_search
UCx6C6fR2ekSTuDmFEoWLb-g,shopping mall walk,channel_search
UCx7fTK7DQ18eqF7_d8yewQg,shopping mall walk,channel_search
UCx8zbeoZmHf8DpS_AJVaF0w,walking tour 4k,channel_search
UCx9AQKO1JOOBnrF6z7zui2A,shopping mall walk,channel_search
UCx9isGw7shA2vfRVyCE--7g,driving tour 4k,channel_search
UCxA3PTJvpj5OOmo0ZFupkGw,shopping mall walk,channel_search
UCxBvrNCdYE_O4GPr4_fb9ng,driving tour 4k,channel_search
UCxDWxVXJ9HCGM6_DyjewShw,walking tour 4k,channel_search
UCxGUKTqFHNhCqMU36GTPexg,bike tour 4k,channel_search
UCxWwHvpi4YDCWLgrVqHxKYQ,bike tour 4k,channel_search
UCxchqUdoR_WVpKDXdC3SqQg,driving tour 4k,channel_search
UCxeTtaSTBDifRYFZ957GCDw,shopping mall walk,channel_search
UCxpuZ2vN2-4dI6iGUGNKhzw,walking tour 4k,channel_search
UCxq7ku-4VQkNq47i-lsEEkw,shopping mall walk,channel_search
UCxtI14_BUP4BGH6hs4eQHTg,bike tour 4k,channel_search
UCxwrIkT2oRXitekmtk6CY7A,driving tour 4k,channel_search
UCxywMT5Hkpxw1oaUb3LJ-XQ,driving tour 4k,channel_search
UCy--Bdt3XaxBOMWQ-Ui0Q3w,shopping mall walk,channel_search
UCy2-AF0WXXhEzerpvyMdtBA,walking tour 4k,channel_search
UCy5G4NTzPAx-7uZu1nqVihQ,driving tour 4k,channel_search
UCy6bA3YSn79UTCt3yLvG9Sg,shopping mall walk,channel_search
UCy7r2wbibOKdTIlnUYZi4xg,bike tour 4k,channel_search
UCyDV_TOlWheaNU0Bti79wKA,shopping mall walk,channel_search
UCyDvoPKybz1-4i2TKtvyRxg,bike tour 4k,channel_search
UCyF8NWWnEIxb_RAg6Sf8Uqw,bike tour 4k,channel_search
UCyNYdkTPaY1X6XjuNSOirkg,shopping mall walk,channel_search
UCyPTVtytEk0rXS3iDtoIL3A,walking tour 4k,channel_search
UCyRhMrBisEXyCsPJsBMTFvQ,shopping mall walk,channel_search
UCyRrnUfQ3rK2-r8lAhpRXpg,driving tour 4k,channel_search
UCyUtXX3Fs3iOT4R588zX2VQ,walking tour 4k,channel_search
UCyWP8aVSPYtcIhiluIdPgyw,shopping mall walk,channel_search
UCyZ083eAr1GahXUk2wmQ1oA,driving tour 4k,channel_search
UCy_vqyNIi97XhoEN2crQs1g,shopping mall walk,video_search
UCydAvRjwcPGeCHWjt7JKxsQ,shopping mall walk,channel_search
UCyhWDNXypMiBIopFyBuEczA,shopping mall walk,channel_search
UCyhwir3fmk5NR4n_GWsa1EQ,bike tour 4k,channel_search
UCyiBVBjxCtZmlcFDM2E_aSg,walking tour 4k,channel_search
UCyirD6mT8LL0RbQh4ijF0RA,driving tour 4k,channel_search
UCylEtmnoYrohXbnRrAl5BpA,shopping mall walk,channel_search
UCyps-v4WNjWDnYRKmZ4BUGw,shopping mall walk,channel_search
UCytIlYnBm5RYrbjZB_qPsZg,shopping mall walk,channel_search
UCyxH4zuniwbpYlOCHdJJAZw,driving tour 4k,channel_search
UCyxl-TF68R4DguI4SnewA9A,shopping mall walk,channel_search
UCz10M3NwjOB-ml6XDkUM6Tw,shopping mall walk,channel_search
UCz5t0fghwJuPSMBWEd0NHSg,shopping mall walk,channel_search
UCz69AqzCpGXeu9SUxUOOErw,shopping mall walk,channel_search
UCz97nRnySp_qFvQXJXLfMOw,bike tour 4k,channel_search
UCzJOUC6Aq9V1FZujAunslrw,shopping mall walk,channel_search
UCzLUFvx0X7TnJn_9HXHty-A,bike tour 4k,channel_search
UCz_TOO_ZYGRfKMEmqWWGzyw,driving tour 4k,channel_search
UCzabmZ-G0TpId3omyQApTEA,walking tour 4k,channel_search
UCzc9j3vJ5qbfK5ErcjkIhNg,driving tour 4k,channel_search
UCzg0ybItP_Rnppg-PiwXwqw,bike tour 4k,channel_search
UCzq1trwYmcT0DEMBxvXV9AQ,driving tour 4k,channel_search
UCzsYYhrRXPJ4_6oYuq4QX8A,driving tour 4k,channel_search
UCzuxXJb33kKh5PwuqEXueLg,shopping mall walk,channel_search
